delivery_id,customer_id,customer_name,delivery_date,time_slot,postal_code,order_type,order_value,was_successful
DEL_000078,CUST_0093,Jennifer Rodriguez,2025-04-30,12:00-15:00,96391,fragile,103.25,1
DEL_000436,CUST_0078,Sarah Smith,2025-04-30,18:00-21:00,46010,express,60.16,1
DEL_000377,CUST_0030,David Rodriguez,2025-04-30,15:00-18:00,84178,bulky,346.58,1
DEL_000116,CUST_0032,Daniel Hernandez,2025-04-30,21:00-23:00,39315,bulky,110.25,1
DEL_000972,CUST_0050,James Martinez,2025-04-30,12:00-15:00,12076,bulky,251.49,1
DEL_000172,CUST_0059,Emily Rodriguez,2025-04-30,21:00-23:00,92631,bulky,49.56,1
DEL_000623,CUST_0099,Amanda Hernandez,2025-04-30,12:00-15:00,24051,standard,54.19,0
DEL_000336,CUST_0030,David Rodriguez,2025-05-01,21:00-23:00,84178,standard,300.69,1
DEL_000029,CUST_0055,William Jones,2025-05-01,21:00-23:00,72497,standard,81.99,1
DEL_000076,CUST_0028,Jennifer Miller,2025-05-01,12:00-15:00,57438,fragile,228.58,1
DEL_000902,CUST_0017,Ashley Brown,2025-05-01,12:00-15:00,73877,fragile,215.42,1
DEL_000072,CUST_0066,Sarah Davis,2025-05-01,18:00-21:00,99545,standard,123.97,1
DEL_000947,CUST_0098,David Garcia,2025-05-02,18:00-21:00,71943,standard,98.05,1
DEL_000192,CUST_0029,Matthew Hernandez,2025-05-02,09:00-12:00,70335,standard,448.56,1
DEL_000552,CUST_0062,Jennifer Garcia,2025-05-02,12:00-15:00,49685,express,458.55,1
DEL_000985,CUST_0020,Ashley Johnson,2025-05-03,18:00-21:00,25527,bulky,112.24,1
DEL_000812,CUST_0017,Ashley Brown,2025-05-03,15:00-18:00,73877,standard,249.86,1
DEL_000043,CUST_0030,David Rodriguez,2025-05-03,18:00-21:00,84178,express,36.43,1
DEL_000021,CUST_0079,Lisa Martinez,2025-05-03,21:00-23:00,14163,fragile,38.31,1
DEL_000793,CUST_0024,Robert Jones,2025-05-03,12:00-15:00,26481,express,477.69,1
DEL_000028,CUST_0024,Robert Jones,2025-05-04,09:00-12:00,26481,standard,306.5,0
DEL_000212,CUST_0073,Laura Garcia,2025-05-04,15:00-18:00,21677,bulky,476.65,1
DEL_000389,CUST_0086,David Garcia,2025-05-04,12:00-15:00,15531,fragile,112.6,1
DEL_000391,CUST_0049,Ashley Brown,2025-05-05,21:00-23:00,19200,fragile,489.56,1
DEL_000744,CUST_0058,Amanda Williams,2025-05-05,21:00-23:00,24124,fragile,251.63,1
DEL_000710,CUST_0078,Sarah Smith,2025-05-05,09:00-12:00,46010,standard,430.19,1
DEL_000135,CUST_0069,Matthew Lopez,2025-05-05,09:00-12:00,76757,fragile,430.12,1
DEL_000137,CUST_0036,Daniel Lopez,2025-05-05,12:00-15:00,85244,express,107.91,1
DEL_000008,CUST_0027,Robert Rodriguez,2025-05-05,12:00-15:00,56204,bulky,185.91,1
DEL_000517,CUST_0094,John Johnson,2025-05-05,12:00-15:00,10742,standard,316.28,1
DEL_000058,CUST_0041,Christopher Martinez,2025-05-06,18:00-21:00,90823,bulky,222.26,0
DEL_000307,CUST_0073,Laura Garcia,2025-05-06,15:00-18:00,21677,bulky,342.19,1
DEL_000684,CUST_0056,John Miller,2025-05-06,15:00-18:00,63489,express,449.68,1
DEL_000618,CUST_0033,John Garcia,2025-05-06,21:00-23:00,60084,standard,322.84,1
DEL_000485,CUST_0036,Daniel Lopez,2025-05-06,15:00-18:00,85244,standard,31.08,1
DEL_000214,CUST_0046,Jennifer Martinez,2025-05-07,09:00-12:00,46921,express,275.56,1
DEL_000437,CUST_0093,Jennifer Rodriguez,2025-05-07,15:00-18:00,96391,fragile,154.38,1
DEL_000661,CUST_0033,John Garcia,2025-05-07,18:00-21:00,60084,standard,113.28,1
DEL_000274,CUST_0018,Michelle Smith,2025-05-07,15:00-18:00,11343,standard,391.91,1
DEL_000162,CUST_0020,Ashley Johnson,2025-05-07,15:00-18:00,25527,standard,314.81,1
DEL_000659,CUST_0049,Ashley Brown,2025-05-07,09:00-12:00,19200,express,468.57,1
DEL_000314,CUST_0045,Emily Rodriguez,2025-05-08,18:00-21:00,64303,bulky,337.01,1
DEL_000048,CUST_0049,Ashley Brown,2025-05-08,15:00-18:00,19200,express,105.37,1
DEL_000410,CUST_0042,David Martinez,2025-05-08,21:00-23:00,31315,express,489.74,1
DEL_000467,CUST_0075,Christopher Rodriguez,2025-05-08,21:00-23:00,34249,express,383.39,0
DEL_000922,CUST_0096,Laura Hernandez,2025-05-08,18:00-21:00,69162,bulky,62.63,1
DEL_000367,CUST_0080,James Miller,2025-05-08,21:00-23:00,39393,standard,179.07,1
DEL_000820,CUST_0063,Lisa Davis,2025-05-08,12:00-15:00,57086,express,125.12,1
DEL_000261,CUST_0100,Ashley Miller,2025-05-08,18:00-21:00,80935,bulky,140.36,1
DEL_000918,CUST_0001,Michelle Johnson,2025-05-09,12:00-15:00,17728,standard,202.18,1
DEL_000862,CUST_0018,Michelle Smith,2025-05-09,15:00-18:00,11343,fragile,223.26,1
DEL_000635,CUST_0094,John Johnson,2025-05-09,12:00-15:00,10742,express,431.57,1
DEL_000289,CUST_0008,Daniel Smith,2025-05-09,12:00-15:00,95584,express,294.91,1
DEL_000530,CUST_0099,Amanda Hernandez,2025-05-10,15:00-18:00,24051,fragile,493.62,1
DEL_000434,CUST_0059,Emily Rodriguez,2025-05-10,18:00-21:00,92631,bulky,31.42,1
DEL_000178,CUST_0090,William Rodriguez,2025-05-10,09:00-12:00,26865,standard,387.16,1
DEL_000403,CUST_0087,Emily Garcia,2025-05-10,12:00-15:00,67243,bulky,103.27,1
DEL_000979,CUST_0090,William Rodriguez,2025-05-10,12:00-15:00,26865,fragile,163.2,1
DEL_000016,CUST_0094,John Johnson,2025-05-10,15:00-18:00,10742,express,349.45,1
DEL_000591,CUST_0022,Laura Miller,2025-05-11,12:00-15:00,21745,express,182.59,1
DEL_000364,CUST_0075,Christopher Rodriguez,2025-05-11,09:00-12:00,34249,standard,95.88,1
DEL_000996,CUST_0037,Jessica Williams,2025-05-11,18:00-21:00,97138,standard,233.66,1
DEL_000398,CUST_0088,Jessica Brown,2025-05-11,18:00-21:00,13561,express,43.83,1
DEL_000821,CUST_0073,Laura Garcia,2025-05-11,15:00-18:00,21677,fragile,373.34,1
DEL_000604,CUST_0058,Amanda Williams,2025-05-12,18:00-21:00,24124,bulky,446.95,1
DEL_000798,CUST_0036,Daniel Lopez,2025-05-12,12:00-15:00,85244,standard,99.22,1
DEL_000977,CUST_0056,John Miller,2025-05-12,12:00-15:00,63489,bulky,120.47,1
DEL_000397,CUST_0071,Robert Davis,2025-05-13,18:00-21:00,81957,bulky,448.79,1
DEL_000468,CUST_0089,Lisa Lopez,2025-05-13,15:00-18:00,52276,express,287.58,1
DEL_000838,CUST_0060,Jennifer Jones,2025-05-13,18:00-21:00,36061,fragile,173.51,0
DEL_000952,CUST_0015,Christopher Jones,2025-05-13,15:00-18:00,93366,bulky,228.8,1
DEL_000270,CUST_0087,Emily Garcia,2025-05-13,21:00-23:00,67243,fragile,420.64,1
DEL_000526,CUST_0039,John Martinez,2025-05-13,12:00-15:00,43601,express,78.31,0
DEL_000936,CUST_0076,Ashley Hernandez,2025-05-13,09:00-12:00,56250,bulky,362.88,1
DEL_000973,CUST_0093,Jennifer Rodriguez,2025-05-13,12:00-15:00,96391,express,372.26,1
DEL_000407,CUST_0051,Robert Smith,2025-05-13,15:00-18:00,50158,fragile,126.51,1
DEL_000014,CUST_0025,Matthew Miller,2025-05-13,09:00-12:00,83710,express,451.78,1
DEL_000491,CUST_0074,John Rodriguez,2025-05-13,21:00-23:00,17792,standard,235.82,1
DEL_000801,CUST_0033,John Garcia,2025-05-13,21:00-23:00,60084,standard,157.55,1
DEL_000296,CUST_0078,Sarah Smith,2025-05-13,09:00-12:00,46010,fragile,321.53,1
DEL_000893,CUST_0016,John Hernandez,2025-05-14,15:00-18:00,80531,bulky,212.15,1
DEL_000841,CUST_0017,Ashley Brown,2025-05-14,12:00-15:00,73877,bulky,328.21,1
DEL_000422,CUST_0045,Emily Rodriguez,2025-05-14,18:00-21:00,64303,bulky,135.62,1
DEL_000707,CUST_0004,Daniel Johnson,2025-05-14,12:00-15:00,96807,fragile,217.76,1
DEL_000200,CUST_0097,Jessica Johnson,2025-05-14,12:00-15:00,11465,fragile,444.66,1
DEL_000969,CUST_0029,Matthew Hernandez,2025-05-14,12:00-15:00,70335,express,73.29,1
DEL_000749,CUST_0072,Robert Miller,2025-05-14,15:00-18:00,30068,express,270.21,1
DEL_000333,CUST_0076,Ashley Hernandez,2025-05-14,18:00-21:00,56250,fragile,141.48,1
DEL_000587,CUST_0017,Ashley Brown,2025-05-15,09:00-12:00,73877,standard,414.49,1
DEL_000669,CUST_0005,Matthew Lopez,2025-05-15,09:00-12:00,73528,standard,418.97,1
DEL_000411,CUST_0011,Laura Johnson,2025-05-15,09:00-12:00,47170,bulky,211.34,1
DEL_000170,CUST_0097,Jessica Johnson,2025-05-15,12:00-15:00,11465,fragile,318.89,1
DEL_000738,CUST_0030,David Rodriguez,2025-05-15,15:00-18:00,84178,bulky,393.85,1
DEL_000183,CUST_0023,Michael Smith,2025-05-15,12:00-15:00,89486,standard,263.03,1
DEL_000074,CUST_0005,Matthew Lopez,2025-05-15,09:00-12:00,73528,bulky,473.99,1
DEL_000718,CUST_0008,Daniel Smith,2025-05-16,12:00-15:00,95584,standard,60.07,1
DEL_000495,CUST_0018,Michelle Smith,2025-05-16,15:00-18:00,11343,fragile,290.23,1
DEL_000919,CUST_0071,Robert Davis,2025-05-16,21:00-23:00,81957,bulky,257.72,1
DEL_000748,CUST_0097,Jessica Johnson,2025-05-16,09:00-12:00,11465,standard,311.93,1
DEL_000958,CUST_0015,Christopher Jones,2025-05-16,12:00-15:00,93366,bulky,262.53,1
DEL_000971,CUST_0095,James Jones,2025-05-16,09:00-12:00,52482,standard,57.76,1
DEL_000094,CUST_0072,Robert Miller,2025-05-16,09:00-12:00,30068,fragile,356.25,1
DEL_000580,CUST_0051,Robert Smith,2025-05-17,12:00-15:00,50158,bulky,424.76,1
DEL_000032,CUST_0004,Daniel Johnson,2025-05-17,15:00-18:00,96807,fragile,489.61,1
DEL_000628,CUST_0097,Jessica Johnson,2025-05-17,18:00-21:00,11465,fragile,398.75,1
DEL_000066,CUST_0004,Daniel Johnson,2025-05-17,18:00-21:00,96807,standard,89.36,1
DEL_000082,CUST_0024,Robert Jones,2025-05-17,12:00-15:00,26481,express,420.18,1
DEL_000129,CUST_0082,Michelle Smith,2025-05-18,12:00-15:00,52135,fragile,289.27,1
DEL_000671,CUST_0010,Amanda Johnson,2025-05-18,18:00-21:00,97642,express,117.64,1
DEL_000575,CUST_0066,Sarah Davis,2025-05-18,15:00-18:00,99545,standard,262.21,1
DEL_000747,CUST_0054,Robert Garcia,2025-05-18,18:00-21:00,32287,express,418.1,1
DEL_000766,CUST_0018,Michelle Smith,2025-05-18,15:00-18:00,11343,bulky,127.84,1
DEL_000539,CUST_0087,Emily Garcia,2025-05-18,12:00-15:00,67243,standard,24.59,1
DEL_000685,CUST_0081,David Miller,2025-05-19,15:00-18:00,32668,fragile,240.26,1
DEL_000614,CUST_0084,Daniel Hernandez,2025-05-19,09:00-12:00,18034,fragile,208.9,1
DEL_000524,CUST_0048,Jennifer Miller,2025-05-19,21:00-23:00,24320,express,38.92,1
DEL_000633,CUST_0077,Lisa Johnson,2025-05-19,09:00-12:00,98701,express,161.57,1
DEL_000402,CUST_0069,Matthew Lopez,2025-05-20,09:00-12:00,76757,standard,101.12,0
DEL_000529,CUST_0058,Amanda Williams,2025-05-20,21:00-23:00,24124,standard,129.66,1
DEL_000508,CUST_0069,Matthew Lopez,2025-05-20,12:00-15:00,76757,express,370.89,0
DEL_000197,CUST_0035,Ashley Lopez,2025-05-20,12:00-15:00,37045,fragile,386.62,1
DEL_000241,CUST_0043,Laura Smith,2025-05-20,12:00-15:00,34168,fragile,319.12,1
DEL_000895,CUST_0070,Laura Miller,2025-05-20,15:00-18:00,74150,express,287.94,1
DEL_000395,CUST_0013,Michael Lopez,2025-05-21,09:00-12:00,48268,fragile,265.4,1
DEL_000957,CUST_0058,Amanda Williams,2025-05-21,15:00-18:00,24124,bulky,374.13,1
DEL_000126,CUST_0059,Emily Rodriguez,2025-05-21,18:00-21:00,92631,express,174.73,1
DEL_000622,CUST_0095,James Jones,2025-05-21,12:00-15:00,52482,bulky,113.78,1
DEL_000208,CUST_0048,Jennifer Miller,2025-05-21,15:00-18:00,24320,express,342.58,1
DEL_000361,CUST_0012,Robert Jones,2025-05-21,09:00-12:00,25246,express,96.06,1
DEL_000357,CUST_0022,Laura Miller,2025-05-21,15:00-18:00,21745,express,166.35,1
DEL_000476,CUST_0015,Christopher Jones,2025-05-21,12:00-15:00,93366,fragile,314.0,1
DEL_000568,CUST_0078,Sarah Smith,2025-05-21,09:00-12:00,46010,express,116.08,0
DEL_000369,CUST_0032,Daniel Hernandez,2025-05-22,21:00-23:00,39315,fragile,342.34,1
DEL_000860,CUST_0080,James Miller,2025-05-22,18:00-21:00,39393,standard,83.22,1
DEL_000808,CUST_0059,Emily Rodriguez,2025-05-22,12:00-15:00,92631,bulky,202.6,1
DEL_000269,CUST_0028,Jennifer Miller,2025-05-22,09:00-12:00,57438,fragile,380.36,1
DEL_000757,CUST_0091,James Davis,2025-05-22,21:00-23:00,35347,express,108.14,0
DEL_000408,CUST_0049,Ashley Brown,2025-05-23,18:00-21:00,19200,express,200.34,1
DEL_000605,CUST_0029,Matthew Hernandez,2025-05-23,18:00-21:00,70335,fragile,422.89,1
DEL_000863,CUST_0057,Daniel Jones,2025-05-23,18:00-21:00,92297,fragile,394.39,1
DEL_000835,CUST_0006,Matthew Rodriguez,2025-05-24,12:00-15:00,70897,express,261.9,1
DEL_000454,CUST_0009,Jessica Rodriguez,2025-05-24,15:00-18:00,71589,express,295.84,1
DEL_000181,CUST_0100,Ashley Miller,2025-05-24,12:00-15:00,80935,standard,173.38,1
DEL_000262,CUST_0049,Ashley Brown,2025-05-24,21:00-23:00,19200,express,393.48,0
DEL_000763,CUST_0084,Daniel Hernandez,2025-05-24,15:00-18:00,18034,fragile,285.74,1
DEL_000712,CUST_0069,Matthew Lopez,2025-05-24,15:00-18:00,76757,fragile,111.26,1
DEL_000348,CUST_0002,Ashley Lopez,2025-05-25,15:00-18:00,72328,standard,46.67,1
DEL_000842,CUST_0048,Jennifer Miller,2025-05-25,12:00-15:00,24320,bulky,47.61,1
DEL_000650,CUST_0046,Jennifer Martinez,2025-05-25,18:00-21:00,46921,standard,117.26,1
DEL_000089,CUST_0068,William Smith,2025-05-25,18:00-21:00,57632,standard,481.08,1
DEL_000409,CUST_0042,David Martinez,2025-05-26,09:00-12:00,31315,standard,389.66,1
DEL_000546,CUST_0044,Emily Brown,2025-05-26,21:00-23:00,11628,fragile,221.8,1
DEL_000288,CUST_0026,David Jones,2025-05-26,12:00-15:00,37392,standard,348.0,1
DEL_000768,CUST_0010,Amanda Johnson,2025-05-26,12:00-15:00,97642,express,186.45,1
DEL_000090,CUST_0084,Daniel Hernandez,2025-05-26,09:00-12:00,18034,express,49.24,1
DEL_000430,CUST_0013,Michael Lopez,2025-05-27,15:00-18:00,48268,fragile,63.01,1
DEL_000673,CUST_0084,Daniel Hernandez,2025-05-27,12:00-15:00,18034,standard,447.83,1
DEL_000601,CUST_0031,Ashley Martinez,2025-05-27,18:00-21:00,57918,fragile,184.08,1
DEL_000019,CUST_0002,Ashley Lopez,2025-05-27,21:00-23:00,72328,fragile,381.56,1
DEL_000934,CUST_0083,Laura Brown,2025-05-27,15:00-18:00,29031,express,280.08,1
DEL_000906,CUST_0039,John Martinez,2025-05-27,12:00-15:00,43601,bulky,156.08,1
DEL_000696,CUST_0030,David Rodriguez,2025-05-27,12:00-15:00,84178,bulky,123.22,1
DEL_000711,CUST_0025,Matthew Miller,2025-05-27,12:00-15:00,83710,fragile,44.81,1
DEL_000355,CUST_0009,Jessica Rodriguez,2025-05-27,15:00-18:00,71589,bulky,29.96,1
DEL_000234,CUST_0061,William Hernandez,2025-05-28,12:00-15:00,65935,express,287.86,1
DEL_000174,CUST_0021,Matthew Lopez,2025-05-28,15:00-18:00,24917,standard,39.55,1
DEL_000638,CUST_0087,Emily Garcia,2025-05-28,18:00-21:00,67243,fragile,272.64,1
DEL_000536,CUST_0017,Ashley Brown,2025-05-28,12:00-15:00,73877,fragile,286.37,1
DEL_000610,CUST_0023,Michael Smith,2025-05-28,12:00-15:00,89486,fragile,118.28,1
DEL_000470,CUST_0080,James Miller,2025-05-28,21:00-23:00,39393,standard,163.69,0
DEL_000280,CUST_0061,William Hernandez,2025-05-28,15:00-18:00,65935,express,116.19,1
DEL_000851,CUST_0038,John Rodriguez,2025-05-28,09:00-12:00,13185,express,178.38,1
DEL_000547,CUST_0037,Jessica Williams,2025-05-28,12:00-15:00,97138,standard,110.88,1
DEL_000802,CUST_0096,Laura Hernandez,2025-05-29,18:00-21:00,69162,fragile,347.71,1
DEL_000224,CUST_0079,Lisa Martinez,2025-05-30,15:00-18:00,14163,fragile,247.4,1
DEL_000279,CUST_0059,Emily Rodriguez,2025-05-30,09:00-12:00,92631,express,483.61,1
DEL_000371,CUST_0023,Michael Smith,2025-05-30,12:00-15:00,89486,express,279.8,1
DEL_000375,CUST_0013,Michael Lopez,2025-05-30,15:00-18:00,48268,express,281.94,1
DEL_000469,CUST_0094,John Johnson,2025-05-30,12:00-15:00,10742,standard,275.43,0
DEL_000457,CUST_0062,Jennifer Garcia,2025-05-30,12:00-15:00,49685,bulky,363.19,1
DEL_000500,CUST_0034,Jennifer Martinez,2025-05-30,21:00-23:00,68914,fragile,69.5,1
DEL_000365,CUST_0057,Daniel Jones,2025-05-30,15:00-18:00,92297,express,41.18,1
DEL_000679,CUST_0059,Emily Rodriguez,2025-05-30,12:00-15:00,92631,express,61.27,0
DEL_000557,CUST_0068,William Smith,2025-05-30,15:00-18:00,57632,fragile,305.5,0
DEL_000143,CUST_0097,Jessica Johnson,2025-05-30,15:00-18:00,11465,fragile,334.36,1
DEL_000505,CUST_0096,Laura Hernandez,2025-05-31,18:00-21:00,69162,express,449.7,1
DEL_000250,CUST_0038,John Rodriguez,2025-05-31,18:00-21:00,13185,bulky,21.82,1
DEL_000340,CUST_0076,Ashley Hernandez,2025-06-01,18:00-21:00,56250,express,290.91,1
DEL_000987,CUST_0042,David Martinez,2025-06-01,15:00-18:00,31315,bulky,375.84,0
DEL_000484,CUST_0069,Matthew Lopez,2025-06-01,15:00-18:00,76757,fragile,299.17,1
DEL_000297,CUST_0031,Ashley Martinez,2025-06-01,15:00-18:00,57918,bulky,106.34,1
DEL_000033,CUST_0080,James Miller,2025-06-02,21:00-23:00,39393,fragile,35.63,1
DEL_000035,CUST_0028,Jennifer Miller,2025-06-02,12:00-15:00,57438,express,349.36,1
DEL_000046,CUST_0059,Emily Rodriguez,2025-06-02,12:00-15:00,92631,express,197.0,1
DEL_000540,CUST_0031,Ashley Martinez,2025-06-02,21:00-23:00,57918,express,299.09,1
DEL_000535,CUST_0021,Matthew Lopez,2025-06-02,12:00-15:00,24917,express,322.61,1
DEL_000298,CUST_0003,Christopher Rodriguez,2025-06-02,18:00-21:00,37183,standard,66.35,1
DEL_000300,CUST_0077,Lisa Johnson,2025-06-02,12:00-15:00,98701,fragile,483.18,1
DEL_000512,CUST_0060,Jennifer Jones,2025-06-02,18:00-21:00,36061,bulky,451.1,1
DEL_000196,CUST_0052,John Martinez,2025-06-02,12:00-15:00,41917,bulky,346.86,1
DEL_000347,CUST_0018,Michelle Smith,2025-06-03,12:00-15:00,11343,fragile,380.15,1
DEL_000306,CUST_0024,Robert Jones,2025-06-03,18:00-21:00,26481,fragile,264.07,1
DEL_000202,CUST_0097,Jessica Johnson,2025-06-03,15:00-18:00,11465,bulky,22.42,1
DEL_000937,CUST_0086,David Garcia,2025-06-03,09:00-12:00,15531,standard,348.58,1
DEL_000875,CUST_0093,Jennifer Rodriguez,2025-06-03,12:00-15:00,96391,fragile,103.63,1
DEL_000932,CUST_0095,James Jones,2025-06-03,12:00-15:00,52482,standard,39.39,1
DEL_000533,CUST_0057,Daniel Jones,2025-06-04,18:00-21:00,92297,bulky,217.29,1
DEL_000156,CUST_0006,Matthew Rodriguez,2025-06-04,15:00-18:00,70897,fragile,154.47,1
DEL_000551,CUST_0029,Matthew Hernandez,2025-06-04,09:00-12:00,70335,fragile,395.95,1
DEL_000204,CUST_0055,William Jones,2025-06-04,21:00-23:00,72497,bulky,461.64,1
DEL_000477,CUST_0045,Emily Rodriguez,2025-06-04,21:00-23:00,64303,fragile,427.27,1
DEL_000118,CUST_0001,Michelle Johnson,2025-06-05,09:00-12:00,17728,standard,436.48,0
DEL_000942,CUST_0100,Ashley Miller,2025-06-05,09:00-12:00,80935,fragile,462.4,0
DEL_000018,CUST_0069,Matthew Lopez,2025-06-05,12:00-15:00,76757,bulky,151.4,1
DEL_000680,CUST_0007,Sarah Lopez,2025-06-05,09:00-12:00,45724,express,396.98,1
DEL_000514,CUST_0060,Jennifer Jones,2025-06-05,18:00-21:00,36061,fragile,290.93,1
DEL_000737,CUST_0024,Robert Jones,2025-06-06,12:00-15:00,26481,express,104.73,1
DEL_000992,CUST_0034,Jennifer Martinez,2025-06-06,18:00-21:00,68914,express,244.4,1
DEL_000132,CUST_0027,Robert Rodriguez,2025-06-07,18:00-21:00,56204,express,457.34,1
DEL_000026,CUST_0071,Robert Davis,2025-06-07,18:00-21:00,81957,standard,316.08,1
DEL_000080,CUST_0067,Amanda Davis,2025-06-07,18:00-21:00,76671,standard,329.06,1
DEL_000166,CUST_0018,Michelle Smith,2025-06-07,18:00-21:00,11343,fragile,423.22,1
DEL_000830,CUST_0086,David Garcia,2025-06-07,12:00-15:00,15531,standard,264.93,1
DEL_000693,CUST_0033,John Garcia,2025-06-07,15:00-18:00,60084,express,432.54,1
DEL_000574,CUST_0064,James Martinez,2025-06-08,12:00-15:00,45171,standard,446.03,1
DEL_000217,CUST_0100,Ashley Miller,2025-06-08,12:00-15:00,80935,fragile,427.41,1
DEL_000456,CUST_0010,Amanda Johnson,2025-06-08,15:00-18:00,97642,fragile,157.7,1
DEL_000731,CUST_0036,Daniel Lopez,2025-06-08,18:00-21:00,85244,express,308.12,0
DEL_000809,CUST_0090,William Rodriguez,2025-06-08,15:00-18:00,26865,fragile,304.47,0
DEL_000627,CUST_0064,James Martinez,2025-06-08,15:00-18:00,45171,fragile,298.73,0
DEL_000725,CUST_0051,Robert Smith,2025-06-09,15:00-18:00,50158,fragile,222.49,1
DEL_000281,CUST_0093,Jennifer Rodriguez,2025-06-09,18:00-21:00,96391,standard,88.08,1
DEL_000831,CUST_0059,Emily Rodriguez,2025-06-09,15:00-18:00,92631,fragile,220.41,1
DEL_000390,CUST_0026,David Jones,2025-06-09,21:00-23:00,37392,standard,48.38,1
DEL_000572,CUST_0048,Jennifer Miller,2025-06-10,09:00-12:00,24320,express,274.62,1
DEL_000059,CUST_0091,James Davis,2025-06-10,15:00-18:00,35347,express,357.64,1
DEL_000291,CUST_0039,John Martinez,2025-06-10,12:00-15:00,43601,fragile,168.87,1
DEL_000783,CUST_0016,John Hernandez,2025-06-10,15:00-18:00,80531,standard,377.7,1
DEL_000040,CUST_0020,Ashley Johnson,2025-06-10,12:00-15:00,25527,fragile,23.97,1
DEL_000142,CUST_0069,Matthew Lopez,2025-06-10,09:00-12:00,76757,standard,74.57,1
DEL_000380,CUST_0081,David Miller,2025-06-11,09:00-12:00,32668,fragile,202.44,1
DEL_000774,CUST_0037,Jessica Williams,2025-06-11,21:00-23:00,97138,bulky,477.02,1
DEL_000752,CUST_0016,John Hernandez,2025-06-11,15:00-18:00,80531,fragile,70.33,1
DEL_000268,CUST_0097,Jessica Johnson,2025-06-11,21:00-23:00,11465,express,78.53,1
DEL_000341,CUST_0095,James Jones,2025-06-11,12:00-15:00,52482,express,241.52,1
DEL_000088,CUST_0053,John Brown,2025-06-11,18:00-21:00,97259,fragile,48.51,1
DEL_000154,CUST_0026,David Jones,2025-06-12,15:00-18:00,37392,fragile,200.95,1
DEL_000201,CUST_0077,Lisa Johnson,2025-06-12,09:00-12:00,98701,standard,148.56,1
DEL_000041,CUST_0001,Michelle Johnson,2025-06-12,12:00-15:00,17728,fragile,218.11,1
DEL_000655,CUST_0059,Emily Rodriguez,2025-06-12,09:00-12:00,92631,express,389.29,1
DEL_000329,CUST_0047,Jessica Hernandez,2025-06-12,09:00-12:00,97954,standard,131.81,0
DEL_000238,CUST_0033,John Garcia,2025-06-12,18:00-21:00,60084,standard,113.97,1
DEL_000070,CUST_0061,William Hernandez,2025-06-13,12:00-15:00,65935,fragile,221.65,1
DEL_000276,CUST_0054,Robert Garcia,2025-06-13,15:00-18:00,32287,standard,328.27,1
DEL_000108,CUST_0024,Robert Jones,2025-06-13,18:00-21:00,26481,bulky,454.89,1
DEL_000376,CUST_0095,James Jones,2025-06-13,09:00-12:00,52482,fragile,195.49,1
DEL_000658,CUST_0077,Lisa Johnson,2025-06-13,12:00-15:00,98701,standard,457.86,0
DEL_000735,CUST_0094,John Johnson,2025-06-13,18:00-21:00,10742,bulky,389.82,1
DEL_000460,CUST_0086,David Garcia,2025-06-14,12:00-15:00,15531,standard,468.41,1
DEL_000271,CUST_0021,Matthew Lopez,2025-06-14,15:00-18:00,24917,express,173.46,1
DEL_000983,CUST_0097,Jessica Johnson,2025-06-14,12:00-15:00,11465,fragile,477.52,1
DEL_000792,CUST_0082,Michelle Smith,2025-06-15,18:00-21:00,52135,bulky,328.26,1
DEL_000630,CUST_0033,John Garcia,2025-06-15,12:00-15:00,60084,bulky,139.22,1
DEL_000537,CUST_0008,Daniel Smith,2025-06-15,18:00-21:00,95584,express,212.12,1
DEL_001000,CUST_0023,Michael Smith,2025-06-15,12:00-15:00,89486,express,453.94,1
DEL_000102,CUST_0100,Ashley Miller,2025-06-15,15:00-18:00,80935,express,70.0,1
DEL_000152,CUST_0081,David Miller,2025-06-15,12:00-15:00,32668,express,174.39,1
DEL_000053,CUST_0098,David Garcia,2025-06-15,15:00-18:00,71943,express,155.49,0
DEL_000037,CUST_0041,Christopher Martinez,2025-06-16,15:00-18:00,90823,express,264.3,1
DEL_000244,CUST_0061,William Hernandez,2025-06-16,15:00-18:00,65935,fragile,224.48,1
DEL_000493,CUST_0061,William Hernandez,2025-06-16,12:00-15:00,65935,standard,261.99,1
DEL_000064,CUST_0046,Jennifer Martinez,2025-06-16,12:00-15:00,46921,fragile,345.16,1
DEL_000597,CUST_0096,Laura Hernandez,2025-06-16,18:00-21:00,69162,standard,99.46,1
DEL_000822,CUST_0005,Matthew Lopez,2025-06-16,12:00-15:00,73528,fragile,466.56,1
DEL_000446,CUST_0068,William Smith,2025-06-16,12:00-15:00,57632,standard,174.32,1
DEL_000849,CUST_0020,Ashley Johnson,2025-06-17,15:00-18:00,25527,bulky,269.17,1
DEL_000571,CUST_0020,Ashley Johnson,2025-06-17,12:00-15:00,25527,standard,80.95,1
DEL_000565,CUST_0057,Daniel Jones,2025-06-17,15:00-18:00,92297,express,493.8,1
DEL_000722,CUST_0092,Lisa Lopez,2025-06-17,15:00-18:00,95638,bulky,216.21,0
DEL_000993,CUST_0070,Laura Miller,2025-06-18,21:00-23:00,74150,fragile,127.15,1
DEL_000903,CUST_0002,Ashley Lopez,2025-06-18,21:00-23:00,72328,express,98.0,1
DEL_000532,CUST_0048,Jennifer Miller,2025-06-18,09:00-12:00,24320,fragile,459.96,1
DEL_000063,CUST_0067,Amanda Davis,2025-06-18,09:00-12:00,76671,fragile,171.58,1
DEL_000345,CUST_0006,Matthew Rodriguez,2025-06-18,09:00-12:00,70897,fragile,413.73,1
DEL_000060,CUST_0028,Jennifer Miller,2025-06-19,09:00-12:00,57438,express,75.59,1
DEL_000570,CUST_0004,Daniel Johnson,2025-06-19,12:00-15:00,96807,standard,22.62,1
DEL_000715,CUST_0059,Emily Rodriguez,2025-06-19,18:00-21:00,92631,fragile,249.65,1
DEL_000351,CUST_0088,Jessica Brown,2025-06-19,12:00-15:00,13561,standard,183.07,1
DEL_000647,CUST_0013,Michael Lopez,2025-06-19,15:00-18:00,48268,express,56.82,1
DEL_000596,CUST_0073,Laura Garcia,2025-06-19,15:00-18:00,21677,standard,201.18,0
DEL_000255,CUST_0061,William Hernandez,2025-06-19,12:00-15:00,65935,bulky,48.28,1
DEL_000741,CUST_0038,John Rodriguez,2025-06-19,09:00-12:00,13185,fragile,142.06,1
DEL_000120,CUST_0056,John Miller,2025-06-19,15:00-18:00,63489,bulky,466.84,1
DEL_000191,CUST_0046,Jennifer Martinez,2025-06-19,12:00-15:00,46921,express,438.68,1
DEL_000119,CUST_0096,Laura Hernandez,2025-06-19,18:00-21:00,69162,express,126.47,1
DEL_000923,CUST_0057,Daniel Jones,2025-06-20,15:00-18:00,92297,bulky,410.98,1
DEL_000438,CUST_0066,Sarah Davis,2025-06-20,09:00-12:00,99545,fragile,242.67,1
DEL_000394,CUST_0048,Jennifer Miller,2025-06-21,12:00-15:00,24320,standard,111.47,0
DEL_000697,CUST_0081,David Miller,2025-06-21,18:00-21:00,32668,fragile,114.4,0
DEL_000095,CUST_0029,Matthew Hernandez,2025-06-21,18:00-21:00,70335,express,188.95,1
DEL_000290,CUST_0005,Matthew Lopez,2025-06-21,15:00-18:00,73528,bulky,255.71,1
DEL_000339,CUST_0004,Daniel Johnson,2025-06-21,18:00-21:00,96807,fragile,375.68,1
DEL_000344,CUST_0023,Michael Smith,2025-06-22,18:00-21:00,89486,bulky,280.76,1
DEL_000363,CUST_0091,James Davis,2025-06-22,15:00-18:00,35347,bulky,109.1,1
DEL_000447,CUST_0071,Robert Davis,2025-06-22,12:00-15:00,81957,fragile,339.75,1
DEL_000427,CUST_0081,David Miller,2025-06-22,12:00-15:00,32668,bulky,218.26,0
DEL_000818,CUST_0087,Emily Garcia,2025-06-23,18:00-21:00,67243,bulky,430.31,1
DEL_000581,CUST_0037,Jessica Williams,2025-06-23,12:00-15:00,97138,fragile,88.81,1
DEL_000429,CUST_0004,Daniel Johnson,2025-06-23,09:00-12:00,96807,standard,489.88,1
DEL_000889,CUST_0065,William Rodriguez,2025-06-23,21:00-23:00,43969,fragile,193.83,1
DEL_000625,CUST_0100,Ashley Miller,2025-06-23,09:00-12:00,80935,fragile,36.21,0
DEL_000566,CUST_0100,Ashley Miller,2025-06-23,21:00-23:00,80935,bulky,138.77,1
DEL_000956,CUST_0048,Jennifer Miller,2025-06-23,15:00-18:00,24320,express,307.85,1
DEL_000706,CUST_0019,Daniel Rodriguez,2025-06-23,09:00-12:00,96385,standard,55.71,1
DEL_000349,CUST_0053,John Brown,2025-06-24,09:00-12:00,97259,express,291.49,1
DEL_000511,CUST_0079,Lisa Martinez,2025-06-24,12:00-15:00,14163,express,481.59,1
DEL_000165,CUST_0044,Emily Brown,2025-06-24,09:00-12:00,11628,bulky,353.4,1
DEL_000743,CUST_0071,Robert Davis,2025-06-24,21:00-23:00,81957,bulky,368.75,1
DEL_000240,CUST_0083,Laura Brown,2025-06-25,15:00-18:00,29031,standard,210.71,1
DEL_000670,CUST_0055,William Jones,2025-06-25,18:00-21:00,72497,fragile,29.03,1
DEL_000634,CUST_0040,David Rodriguez,2025-06-25,12:00-15:00,12174,fragile,56.85,1
DEL_000786,CUST_0082,Michelle Smith,2025-06-26,15:00-18:00,52135,bulky,65.17,1
DEL_000085,CUST_0065,William Rodriguez,2025-06-26,21:00-23:00,43969,express,120.88,1
DEL_000991,CUST_0024,Robert Jones,2025-06-27,21:00-23:00,26481,fragile,381.73,1
DEL_000994,CUST_0063,Lisa Davis,2025-06-27,15:00-18:00,57086,standard,357.83,0
DEL_000368,CUST_0034,Jennifer Martinez,2025-06-27,18:00-21:00,68914,bulky,379.95,1
DEL_000852,CUST_0013,Michael Lopez,2025-06-27,12:00-15:00,48268,standard,397.11,1
DEL_000432,CUST_0070,Laura Miller,2025-06-27,12:00-15:00,74150,express,172.21,0
DEL_000164,CUST_0067,Amanda Davis,2025-06-27,12:00-15:00,76671,bulky,149.17,1
DEL_000636,CUST_0051,Robert Smith,2025-06-28,09:00-12:00,50158,fragile,94.4,1
DEL_000334,CUST_0013,Michael Lopez,2025-06-28,12:00-15:00,48268,bulky,401.07,1
DEL_000034,CUST_0050,James Martinez,2025-06-28,18:00-21:00,12076,standard,275.61,1
DEL_000873,CUST_0039,John Martinez,2025-06-28,18:00-21:00,43601,bulky,138.49,1
DEL_000039,CUST_0098,David Garcia,2025-06-28,15:00-18:00,71943,fragile,426.12,1
DEL_000662,CUST_0090,William Rodriguez,2025-06-28,18:00-21:00,26865,bulky,287.71,1
DEL_000387,CUST_0037,Jessica Williams,2025-06-29,15:00-18:00,97138,standard,49.16,1
DEL_000188,CUST_0067,Amanda Davis,2025-06-29,18:00-21:00,76671,standard,243.13,1
DEL_000338,CUST_0003,Christopher Rodriguez,2025-06-29,21:00-23:00,37183,standard,351.93,0
DEL_000237,CUST_0044,Emily Brown,2025-06-29,12:00-15:00,11628,standard,30.56,1
DEL_000325,CUST_0007,Sarah Lopez,2025-06-29,18:00-21:00,45724,standard,434.81,1
DEL_000169,CUST_0031,Ashley Martinez,2025-06-29,18:00-21:00,57918,express,104.57,1
DEL_000612,CUST_0026,David Jones,2025-06-29,12:00-15:00,37392,express,383.49,1
DEL_000480,CUST_0032,Daniel Hernandez,2025-06-30,18:00-21:00,39315,fragile,283.91,1
DEL_000482,CUST_0022,Laura Miller,2025-07-01,09:00-12:00,21745,standard,282.27,1
DEL_000304,CUST_0044,Emily Brown,2025-07-01,18:00-21:00,11628,express,402.43,1
DEL_000586,CUST_0042,David Martinez,2025-07-01,21:00-23:00,31315,standard,413.15,1
DEL_000453,CUST_0051,Robert Smith,2025-07-01,15:00-18:00,50158,express,346.16,1
DEL_000213,CUST_0094,John Johnson,2025-07-01,09:00-12:00,10742,bulky,409.61,1
DEL_000418,CUST_0090,William Rodriguez,2025-07-01,18:00-21:00,26865,fragile,482.33,0
DEL_000475,CUST_0068,William Smith,2025-07-01,12:00-15:00,57632,standard,155.58,1
DEL_000776,CUST_0026,David Jones,2025-07-01,12:00-15:00,37392,standard,252.43,1
DEL_000081,CUST_0042,David Martinez,2025-07-02,09:00-12:00,31315,fragile,201.54,1
DEL_000445,CUST_0071,Robert Davis,2025-07-02,18:00-21:00,81957,fragile,413.94,1
DEL_000955,CUST_0036,Daniel Lopez,2025-07-02,12:00-15:00,85244,express,390.2,1
DEL_000770,CUST_0100,Ashley Miller,2025-07-02,18:00-21:00,80935,bulky,43.47,1
DEL_000097,CUST_0049,Ashley Brown,2025-07-02,18:00-21:00,19200,fragile,212.23,1
DEL_000620,CUST_0097,Jessica Johnson,2025-07-02,12:00-15:00,11465,fragile,66.54,1
DEL_000639,CUST_0024,Robert Jones,2025-07-02,15:00-18:00,26481,standard,192.83,0
DEL_000877,CUST_0077,Lisa Johnson,2025-07-02,09:00-12:00,98701,standard,275.73,1
DEL_000784,CUST_0019,Daniel Rodriguez,2025-07-03,21:00-23:00,96385,bulky,46.86,1
DEL_000527,CUST_0016,John Hernandez,2025-07-03,15:00-18:00,80531,bulky,117.2,1
DEL_000734,CUST_0091,James Davis,2025-07-03,15:00-18:00,35347,fragile,28.69,1
DEL_000415,CUST_0025,Matthew Miller,2025-07-03,12:00-15:00,83710,bulky,67.05,1
DEL_000773,CUST_0077,Lisa Johnson,2025-07-03,09:00-12:00,98701,fragile,24.52,0
DEL_000195,CUST_0049,Ashley Brown,2025-07-03,21:00-23:00,19200,bulky,417.47,1
DEL_000687,CUST_0005,Matthew Lopez,2025-07-04,15:00-18:00,73528,bulky,275.68,1
DEL_000173,CUST_0023,Michael Smith,2025-07-04,09:00-12:00,89486,standard,301.17,0
DEL_000263,CUST_0035,Ashley Lopez,2025-07-05,12:00-15:00,37045,bulky,296.99,1
DEL_000883,CUST_0029,Matthew Hernandez,2025-07-05,18:00-21:00,70335,bulky,478.52,1
DEL_000910,CUST_0060,Jennifer Jones,2025-07-05,18:00-21:00,36061,standard,247.6,1
DEL_000109,CUST_0053,John Brown,2025-07-05,12:00-15:00,97259,fragile,415.87,0
DEL_000730,CUST_0033,John Garcia,2025-07-05,12:00-15:00,60084,standard,418.04,1
DEL_000666,CUST_0050,James Martinez,2025-07-06,12:00-15:00,12076,bulky,115.92,0
DEL_000106,CUST_0077,Lisa Johnson,2025-07-06,15:00-18:00,98701,express,411.16,1
DEL_000265,CUST_0013,Michael Lopez,2025-07-06,18:00-21:00,48268,standard,201.12,1
DEL_000933,CUST_0018,Michelle Smith,2025-07-06,18:00-21:00,11343,express,368.42,1
DEL_000148,CUST_0016,John Hernandez,2025-07-06,15:00-18:00,80531,express,426.53,1
DEL_000561,CUST_0059,Emily Rodriguez,2025-07-06,18:00-21:00,92631,standard,476.67,1
DEL_000399,CUST_0024,Robert Jones,2025-07-07,18:00-21:00,26481,bulky,422.8,1
DEL_000421,CUST_0015,Christopher Jones,2025-07-07,12:00-15:00,93366,standard,396.42,1
DEL_000455,CUST_0048,Jennifer Miller,2025-07-07,18:00-21:00,24320,express,297.59,1
DEL_000984,CUST_0073,Laura Garcia,2025-07-07,12:00-15:00,21677,fragile,325.57,1
DEL_000235,CUST_0035,Ashley Lopez,2025-07-08,15:00-18:00,37045,express,178.1,1
DEL_000112,CUST_0015,Christopher Jones,2025-07-08,15:00-18:00,93366,standard,233.85,1
DEL_000556,CUST_0088,Jessica Brown,2025-07-08,21:00-23:00,13561,bulky,380.27,1
DEL_000716,CUST_0022,Laura Miller,2025-07-08,15:00-18:00,21745,bulky,131.11,1
DEL_000030,CUST_0068,William Smith,2025-07-08,12:00-15:00,57632,standard,157.01,1
DEL_000149,CUST_0035,Ashley Lopez,2025-07-08,12:00-15:00,37045,express,163.81,1
DEL_000140,CUST_0053,John Brown,2025-07-08,12:00-15:00,97259,bulky,204.35,1
DEL_000441,CUST_0052,John Martinez,2025-07-08,09:00-12:00,41917,fragile,243.3,1
DEL_000724,CUST_0035,Ashley Lopez,2025-07-08,15:00-18:00,37045,express,283.05,1
DEL_000145,CUST_0097,Jessica Johnson,2025-07-09,15:00-18:00,11465,bulky,146.96,1
DEL_000295,CUST_0083,Laura Brown,2025-07-09,12:00-15:00,29031,fragile,348.5,1
DEL_000884,CUST_0057,Daniel Jones,2025-07-09,12:00-15:00,92297,standard,181.23,1
DEL_000727,CUST_0072,Robert Miller,2025-07-09,21:00-23:00,30068,bulky,493.89,1
DEL_000968,CUST_0027,Robert Rodriguez,2025-07-10,12:00-15:00,56204,express,282.69,1
DEL_000433,CUST_0084,Daniel Hernandez,2025-07-10,12:00-15:00,18034,fragile,298.09,1
DEL_000592,CUST_0068,William Smith,2025-07-10,12:00-15:00,57632,standard,143.03,0
DEL_000602,CUST_0030,David Rodriguez,2025-07-10,21:00-23:00,84178,express,24.41,1
DEL_000239,CUST_0065,William Rodriguez,2025-07-10,21:00-23:00,43969,express,128.98,1
DEL_000980,CUST_0098,David Garcia,2025-07-10,12:00-15:00,71943,bulky,343.93,0
DEL_000079,CUST_0023,Michael Smith,2025-07-10,12:00-15:00,89486,standard,499.32,1
DEL_000414,CUST_0017,Ashley Brown,2025-07-10,12:00-15:00,73877,standard,27.25,1
DEL_000709,CUST_0060,Jennifer Jones,2025-07-10,15:00-18:00,36061,fragile,355.93,0
DEL_000689,CUST_0027,Robert Rodriguez,2025-07-11,21:00-23:00,56204,fragile,244.45,1
DEL_000700,CUST_0050,James Martinez,2025-07-11,09:00-12:00,12076,fragile,41.06,1
DEL_000904,CUST_0021,Matthew Lopez,2025-07-11,12:00-15:00,24917,standard,153.94,1
DEL_000907,CUST_0045,Emily Rodriguez,2025-07-11,18:00-21:00,64303,bulky,409.47,0
DEL_000975,CUST_0089,Lisa Lopez,2025-07-11,15:00-18:00,52276,fragile,79.99,1
DEL_000474,CUST_0010,Amanda Johnson,2025-07-11,12:00-15:00,97642,express,132.84,1
DEL_000216,CUST_0007,Sarah Lopez,2025-07-11,09:00-12:00,45724,bulky,253.88,1
DEL_000036,CUST_0095,James Jones,2025-07-12,12:00-15:00,52482,standard,398.3,1
DEL_000227,CUST_0049,Ashley Brown,2025-07-12,15:00-18:00,19200,bulky,387.86,1
DEL_000949,CUST_0088,Jessica Brown,2025-07-12,21:00-23:00,13561,standard,455.55,0
DEL_000073,CUST_0028,Jennifer Miller,2025-07-12,12:00-15:00,57438,bulky,467.88,1
DEL_000804,CUST_0100,Ashley Miller,2025-07-13,15:00-18:00,80935,standard,222.68,1
DEL_000264,CUST_0074,John Rodriguez,2025-07-13,15:00-18:00,17792,bulky,310.0,1
DEL_000490,CUST_0028,Jennifer Miller,2025-07-13,15:00-18:00,57438,standard,42.28,1
DEL_000642,CUST_0085,Jennifer Martinez,2025-07-13,15:00-18:00,59346,bulky,414.48,1
DEL_000640,CUST_0094,John Johnson,2025-07-13,15:00-18:00,10742,standard,289.15,1
DEL_000346,CUST_0061,William Hernandez,2025-07-13,12:00-15:00,65935,standard,267.95,1
DEL_000042,CUST_0074,John Rodriguez,2025-07-13,15:00-18:00,17792,express,344.54,1
DEL_000370,CUST_0058,Amanda Williams,2025-07-13,15:00-18:00,24124,fragile,166.47,1
DEL_000330,CUST_0063,Lisa Davis,2025-07-13,12:00-15:00,57086,express,278.34,1
DEL_000189,CUST_0048,Jennifer Miller,2025-07-13,15:00-18:00,24320,express,296.37,1
DEL_000924,CUST_0100,Ashley Miller,2025-07-14,21:00-23:00,80935,fragile,345.45,1
DEL_000065,CUST_0064,James Martinez,2025-07-14,09:00-12:00,45171,fragile,365.04,1
DEL_000067,CUST_0040,David Rodriguez,2025-07-14,12:00-15:00,12174,bulky,32.17,1
DEL_000631,CUST_0086,David Garcia,2025-07-14,09:00-12:00,15531,fragile,102.65,1
DEL_000310,CUST_0021,Matthew Lopez,2025-07-14,12:00-15:00,24917,standard,494.8,1
DEL_000103,CUST_0007,Sarah Lopez,2025-07-14,09:00-12:00,45724,fragile,80.88,1
DEL_000160,CUST_0035,Ashley Lopez,2025-07-14,15:00-18:00,37045,bulky,408.67,1
DEL_000393,CUST_0025,Matthew Miller,2025-07-14,12:00-15:00,83710,express,176.96,1
DEL_000305,CUST_0053,John Brown,2025-07-15,12:00-15:00,97259,fragile,49.36,1
DEL_000220,CUST_0084,Daniel Hernandez,2025-07-15,09:00-12:00,18034,fragile,449.65,1
DEL_000372,CUST_0040,David Rodriguez,2025-07-15,15:00-18:00,12174,express,280.79,1
DEL_000190,CUST_0085,Jennifer Martinez,2025-07-15,12:00-15:00,59346,fragile,145.86,1
DEL_000611,CUST_0044,Emily Brown,2025-07-16,15:00-18:00,11628,bulky,499.01,1
DEL_000001,CUST_0006,Matthew Rodriguez,2025-07-16,21:00-23:00,70897,fragile,353.48,1
DEL_000966,CUST_0040,David Rodriguez,2025-07-16,15:00-18:00,12174,fragile,492.23,1
DEL_000360,CUST_0052,John Martinez,2025-07-17,12:00-15:00,41917,bulky,214.32,1
DEL_000151,CUST_0079,Lisa Martinez,2025-07-17,12:00-15:00,14163,bulky,240.05,1
DEL_000927,CUST_0062,Jennifer Garcia,2025-07-17,18:00-21:00,49685,express,408.72,1
DEL_000619,CUST_0061,William Hernandez,2025-07-17,15:00-18:00,65935,standard,326.17,1
DEL_000657,CUST_0014,Jennifer Jones,2025-07-17,12:00-15:00,36775,fragile,41.68,1
DEL_000114,CUST_0023,Michael Smith,2025-07-17,12:00-15:00,89486,standard,317.12,1
DEL_000845,CUST_0055,William Jones,2025-07-17,18:00-21:00,72497,bulky,494.38,1
DEL_000714,CUST_0016,John Hernandez,2025-07-18,15:00-18:00,80531,express,401.45,1
DEL_000854,CUST_0074,John Rodriguez,2025-07-18,15:00-18:00,17792,express,496.54,1
DEL_000629,CUST_0010,Amanda Johnson,2025-07-18,12:00-15:00,97642,fragile,321.66,1
DEL_000872,CUST_0062,Jennifer Garcia,2025-07-18,12:00-15:00,49685,bulky,221.96,1
DEL_000929,CUST_0023,Michael Smith,2025-07-18,15:00-18:00,89486,fragile,176.62,0
DEL_000789,CUST_0032,Daniel Hernandez,2025-07-19,15:00-18:00,39315,fragile,121.79,1
DEL_000452,CUST_0016,John Hernandez,2025-07-19,12:00-15:00,80531,fragile,237.58,1
DEL_000366,CUST_0017,Ashley Brown,2025-07-19,18:00-21:00,73877,bulky,399.44,1
DEL_000091,CUST_0082,Michelle Smith,2025-07-19,18:00-21:00,52135,express,175.91,1
DEL_000260,CUST_0074,John Rodriguez,2025-07-19,12:00-15:00,17792,standard,392.67,0
DEL_000859,CUST_0062,Jennifer Garcia,2025-07-19,18:00-21:00,49685,express,296.52,1
DEL_000699,CUST_0089,Lisa Lopez,2025-07-19,15:00-18:00,52276,express,197.19,1
DEL_000161,CUST_0082,Michelle Smith,2025-07-20,12:00-15:00,52135,express,340.25,0
DEL_000013,CUST_0100,Ashley Miller,2025-07-20,18:00-21:00,80935,bulky,398.53,1
DEL_000719,CUST_0029,Matthew Hernandez,2025-07-20,12:00-15:00,70335,fragile,250.13,1
DEL_000782,CUST_0070,Laura Miller,2025-07-20,18:00-21:00,74150,standard,171.86,1
DEL_000886,CUST_0052,John Martinez,2025-07-20,15:00-18:00,41917,express,479.87,1
DEL_000674,CUST_0097,Jessica Johnson,2025-07-20,18:00-21:00,11465,fragile,371.14,1
DEL_000303,CUST_0099,Amanda Hernandez,2025-07-21,12:00-15:00,24051,express,411.97,1
DEL_000157,CUST_0050,James Martinez,2025-07-21,18:00-21:00,12076,standard,473.59,1
DEL_000866,CUST_0078,Sarah Smith,2025-07-21,12:00-15:00,46010,express,436.35,1
DEL_000494,CUST_0052,John Martinez,2025-07-21,12:00-15:00,41917,bulky,377.33,1
DEL_000643,CUST_0004,Daniel Johnson,2025-07-21,09:00-12:00,96807,express,288.4,1
DEL_000443,CUST_0045,Emily Rodriguez,2025-07-21,18:00-21:00,64303,standard,490.41,1
DEL_000223,CUST_0043,Laura Smith,2025-07-21,12:00-15:00,34168,bulky,340.68,1
DEL_000417,CUST_0001,Michelle Johnson,2025-07-22,15:00-18:00,17728,standard,173.66,1
DEL_000916,CUST_0078,Sarah Smith,2025-07-22,12:00-15:00,46010,standard,115.72,1
DEL_000667,CUST_0039,John Martinez,2025-07-22,09:00-12:00,43601,standard,458.85,1
DEL_000448,CUST_0010,Amanda Johnson,2025-07-22,15:00-18:00,97642,bulky,123.19,1
DEL_000461,CUST_0056,John Miller,2025-07-22,12:00-15:00,63489,express,401.57,1
DEL_000944,CUST_0091,James Davis,2025-07-23,21:00-23:00,35347,bulky,35.75,0
DEL_000668,CUST_0025,Matthew Miller,2025-07-23,09:00-12:00,83710,fragile,46.07,1
DEL_000832,CUST_0021,Matthew Lopez,2025-07-23,12:00-15:00,24917,fragile,386.89,1
DEL_000463,CUST_0033,John Garcia,2025-07-23,21:00-23:00,60084,fragile,169.78,1
DEL_000230,CUST_0009,Jessica Rodriguez,2025-07-24,15:00-18:00,71589,fragile,314.06,0
DEL_000945,CUST_0057,Daniel Jones,2025-07-24,12:00-15:00,92297,express,246.96,1
DEL_000507,CUST_0014,Jennifer Jones,2025-07-24,09:00-12:00,36775,fragile,397.93,0
DEL_000275,CUST_0044,Emily Brown,2025-07-24,21:00-23:00,11628,bulky,21.57,1
DEL_000256,CUST_0040,David Rodriguez,2025-07-24,12:00-15:00,12174,express,135.53,1
DEL_000478,CUST_0008,Daniel Smith,2025-07-24,09:00-12:00,95584,standard,478.94,1
DEL_000576,CUST_0093,Jennifer Rodriguez,2025-07-24,12:00-15:00,96391,bulky,90.91,1
DEL_000069,CUST_0065,William Rodriguez,2025-07-24,18:00-21:00,43969,bulky,213.84,1
DEL_000589,CUST_0021,Matthew Lopez,2025-07-24,12:00-15:00,24917,fragile,238.91,1
DEL_000817,CUST_0093,Jennifer Rodriguez,2025-07-25,12:00-15:00,96391,express,443.57,1
DEL_000563,CUST_0026,David Jones,2025-07-25,12:00-15:00,37392,standard,368.62,0
DEL_000896,CUST_0018,Michelle Smith,2025-07-26,15:00-18:00,11343,fragile,242.01,1
DEL_000251,CUST_0005,Matthew Lopez,2025-07-26,18:00-21:00,73528,bulky,445.57,1
DEL_000606,CUST_0099,Amanda Hernandez,2025-07-26,18:00-21:00,24051,fragile,290.31,1
DEL_000252,CUST_0096,Laura Hernandez,2025-07-26,15:00-18:00,69162,express,259.47,1
DEL_000890,CUST_0062,Jennifer Garcia,2025-07-26,15:00-18:00,49685,express,60.44,0
DEL_000176,CUST_0090,William Rodriguez,2025-07-26,12:00-15:00,26865,bulky,359.76,1
DEL_000464,CUST_0027,Robert Rodriguez,2025-07-26,12:00-15:00,56204,express,474.68,1
DEL_000686,CUST_0091,James Davis,2025-07-27,15:00-18:00,35347,bulky,245.04,1
DEL_000236,CUST_0096,Laura Hernandez,2025-07-27,09:00-12:00,69162,express,171.21,0
DEL_000104,CUST_0043,Laura Smith,2025-07-27,15:00-18:00,34168,fragile,276.67,1
DEL_000440,CUST_0017,Ashley Brown,2025-07-27,18:00-21:00,73877,standard,476.61,1
DEL_000138,CUST_0095,James Jones,2025-07-28,09:00-12:00,52482,bulky,44.67,0
DEL_000594,CUST_0062,Jennifer Garcia,2025-07-28,12:00-15:00,49685,bulky,219.75,1
DEL_000558,CUST_0031,Ashley Martinez,2025-07-28,18:00-21:00,57918,bulky,37.78,1
DEL_000218,CUST_0011,Laura Johnson,2025-07-28,15:00-18:00,47170,standard,383.23,0
DEL_000899,CUST_0033,John Garcia,2025-07-28,18:00-21:00,60084,express,318.01,1
DEL_000970,CUST_0025,Matthew Miller,2025-07-28,12:00-15:00,83710,standard,143.33,1
DEL_000107,CUST_0052,John Martinez,2025-07-29,12:00-15:00,41917,standard,142.54,1
DEL_000308,CUST_0093,Jennifer Rodriguez,2025-07-29,18:00-21:00,96391,express,349.26,1
DEL_000954,CUST_0083,Laura Brown,2025-07-29,12:00-15:00,29031,fragile,98.09,0
DEL_000320,CUST_0093,Jennifer Rodriguez,2025-07-29,15:00-18:00,96391,express,261.01,1
DEL_000231,CUST_0092,Lisa Lopez,2025-07-29,18:00-21:00,95638,bulky,159.33,1
DEL_000110,CUST_0051,Robert Smith,2025-07-29,15:00-18:00,50158,standard,394.89,1
DEL_000373,CUST_0005,Matthew Lopez,2025-07-29,21:00-23:00,73528,bulky,166.54,1
DEL_000940,CUST_0027,Robert Rodriguez,2025-07-29,15:00-18:00,56204,bulky,215.85,1
DEL_000388,CUST_0098,David Garcia,2025-07-30,09:00-12:00,71943,bulky,169.89,1
DEL_000027,CUST_0036,Daniel Lopez,2025-07-30,15:00-18:00,85244,standard,182.33,1
DEL_000328,CUST_0014,Jennifer Jones,2025-07-30,12:00-15:00,36775,express,251.31,1
DEL_000905,CUST_0043,Laura Smith,2025-07-30,12:00-15:00,34168,bulky,192.77,1
DEL_000775,CUST_0074,John Rodriguez,2025-07-30,15:00-18:00,17792,fragile,104.64,1
DEL_000732,CUST_0075,Christopher Rodriguez,2025-07-30,12:00-15:00,34249,bulky,64.15,1
DEL_000960,CUST_0091,James Davis,2025-07-30,12:00-15:00,35347,express,113.56,1
DEL_000435,CUST_0064,James Martinez,2025-07-31,09:00-12:00,45171,fragile,400.79,1
DEL_000222,CUST_0012,Robert Jones,2025-07-31,09:00-12:00,25246,bulky,48.72,1
DEL_000531,CUST_0081,David Miller,2025-07-31,21:00-23:00,32668,fragile,377.99,0
DEL_000814,CUST_0043,Laura Smith,2025-07-31,15:00-18:00,34168,bulky,271.6,1
DEL_000337,CUST_0090,William Rodriguez,2025-07-31,12:00-15:00,26865,standard,482.31,1
DEL_000976,CUST_0096,Laura Hernandez,2025-07-31,21:00-23:00,69162,express,108.25,1
DEL_000141,CUST_0053,John Brown,2025-08-01,09:00-12:00,97259,fragile,391.93,1
DEL_000374,CUST_0006,Matthew Rodriguez,2025-08-01,18:00-21:00,70897,standard,190.83,1
DEL_000210,CUST_0065,William Rodriguez,2025-08-01,18:00-21:00,43969,fragile,310.5,1
DEL_000459,CUST_0020,Ashley Johnson,2025-08-01,15:00-18:00,25527,fragile,29.98,1
DEL_000894,CUST_0038,John Rodriguez,2025-08-01,09:00-12:00,13185,express,264.04,1
DEL_000451,CUST_0063,Lisa Davis,2025-08-01,12:00-15:00,57086,bulky,67.8,1
DEL_000829,CUST_0047,Jessica Hernandez,2025-08-01,12:00-15:00,97954,express,489.83,1
DEL_000056,CUST_0015,Christopher Jones,2025-08-01,12:00-15:00,93366,fragile,362.04,1
DEL_000282,CUST_0009,Jessica Rodriguez,2025-08-02,15:00-18:00,71589,bulky,164.38,1
DEL_000649,CUST_0004,Daniel Johnson,2025-08-02,12:00-15:00,96807,fragile,254.09,1
DEL_000449,CUST_0099,Amanda Hernandez,2025-08-02,15:00-18:00,24051,bulky,84.01,1
DEL_000331,CUST_0053,John Brown,2025-08-02,12:00-15:00,97259,bulky,49.55,1
DEL_000253,CUST_0006,Matthew Rodriguez,2025-08-02,18:00-21:00,70897,express,35.74,1
DEL_000052,CUST_0015,Christopher Jones,2025-08-02,12:00-15:00,93366,standard,460.0,0
DEL_000147,CUST_0095,James Jones,2025-08-03,12:00-15:00,52482,bulky,190.33,1
DEL_000416,CUST_0056,John Miller,2025-08-03,18:00-21:00,63489,bulky,367.28,1
DEL_000516,CUST_0087,Emily Garcia,2025-08-03,18:00-21:00,67243,standard,497.78,1
DEL_000509,CUST_0031,Ashley Martinez,2025-08-03,21:00-23:00,57918,fragile,338.59,1
DEL_000861,CUST_0039,John Martinez,2025-08-04,09:00-12:00,43601,fragile,43.57,1
DEL_000098,CUST_0054,Robert Garcia,2025-08-04,12:00-15:00,32287,standard,167.85,1
DEL_000858,CUST_0061,William Hernandez,2025-08-04,12:00-15:00,65935,standard,70.17,1
DEL_000207,CUST_0075,Christopher Rodriguez,2025-08-05,12:00-15:00,34249,standard,181.39,1
DEL_000311,CUST_0091,James Davis,2025-08-05,12:00-15:00,35347,bulky,147.64,0
DEL_000692,CUST_0043,Laura Smith,2025-08-05,15:00-18:00,34168,express,246.56,1
DEL_000017,CUST_0034,Jennifer Martinez,2025-08-05,09:00-12:00,68914,fragile,70.73,1
DEL_000713,CUST_0039,John Martinez,2025-08-05,12:00-15:00,43601,bulky,390.28,1
DEL_000762,CUST_0040,David Rodriguez,2025-08-06,12:00-15:00,12174,express,228.63,0
DEL_000908,CUST_0065,William Rodriguez,2025-08-06,18:00-21:00,43969,express,283.36,1
DEL_000898,CUST_0060,Jennifer Jones,2025-08-06,21:00-23:00,36061,express,476.01,1
DEL_000450,CUST_0018,Michelle Smith,2025-08-07,12:00-15:00,11343,bulky,346.19,1
DEL_000518,CUST_0029,Matthew Hernandez,2025-08-07,21:00-23:00,70335,express,284.89,0
DEL_000054,CUST_0001,Michelle Johnson,2025-08-07,12:00-15:00,17728,fragile,89.41,1
DEL_000510,CUST_0087,Emily Garcia,2025-08-07,18:00-21:00,67243,standard,240.82,1
DEL_000800,CUST_0080,James Miller,2025-08-07,21:00-23:00,39393,bulky,55.97,1
DEL_000150,CUST_0068,William Smith,2025-08-07,09:00-12:00,57632,bulky,304.76,1
DEL_000284,CUST_0029,Matthew Hernandez,2025-08-07,09:00-12:00,70335,bulky,317.39,1
DEL_000728,CUST_0062,Jennifer Garcia,2025-08-07,12:00-15:00,49685,express,73.24,1
DEL_000343,CUST_0083,Laura Brown,2025-08-08,12:00-15:00,29031,express,463.99,1
DEL_000123,CUST_0014,Jennifer Jones,2025-08-08,09:00-12:00,36775,standard,239.01,1
DEL_000381,CUST_0055,William Jones,2025-08-08,09:00-12:00,72497,standard,366.47,1
DEL_000988,CUST_0032,Daniel Hernandez,2025-08-08,18:00-21:00,39315,fragile,31.51,1
DEL_000497,CUST_0013,Michael Lopez,2025-08-08,15:00-18:00,48268,fragile,359.47,1
DEL_000134,CUST_0063,Lisa Davis,2025-08-08,15:00-18:00,57086,bulky,307.88,1
DEL_000794,CUST_0008,Daniel Smith,2025-08-08,12:00-15:00,95584,fragile,45.47,1
DEL_000203,CUST_0022,Laura Miller,2025-08-09,18:00-21:00,21745,express,181.88,1
DEL_000007,CUST_0021,Matthew Lopez,2025-08-09,21:00-23:00,24917,fragile,249.39,1
DEL_000458,CUST_0020,Ashley Johnson,2025-08-09,18:00-21:00,25527,express,274.54,0
DEL_000843,CUST_0002,Ashley Lopez,2025-08-09,15:00-18:00,72328,standard,145.39,1
DEL_000891,CUST_0037,Jessica Williams,2025-08-09,15:00-18:00,97138,bulky,164.4,1
DEL_000353,CUST_0043,Laura Smith,2025-08-09,15:00-18:00,34168,express,36.15,1
DEL_000751,CUST_0053,John Brown,2025-08-09,18:00-21:00,97259,fragile,110.08,1
DEL_000139,CUST_0017,Ashley Brown,2025-08-09,15:00-18:00,73877,standard,220.26,1
DEL_000803,CUST_0053,John Brown,2025-08-09,12:00-15:00,97259,bulky,454.15,1
DEL_000047,CUST_0045,Emily Rodriguez,2025-08-09,12:00-15:00,64303,bulky,20.23,0
DEL_000815,CUST_0086,David Garcia,2025-08-10,18:00-21:00,15531,standard,218.05,1
DEL_000167,CUST_0037,Jessica Williams,2025-08-10,15:00-18:00,97138,bulky,220.18,1
DEL_000111,CUST_0091,James Davis,2025-08-10,21:00-23:00,35347,standard,429.83,1
DEL_000600,CUST_0095,James Jones,2025-08-10,15:00-18:00,52482,express,54.75,1
DEL_000513,CUST_0011,Laura Johnson,2025-08-10,18:00-21:00,47170,express,322.61,1
DEL_000020,CUST_0045,Emily Rodriguez,2025-08-11,18:00-21:00,64303,express,219.56,1
DEL_000549,CUST_0018,Michelle Smith,2025-08-11,15:00-18:00,11343,express,492.69,1
DEL_000617,CUST_0065,William Rodriguez,2025-08-11,21:00-23:00,43969,standard,367.8,1
DEL_000701,CUST_0067,Amanda Davis,2025-08-11,18:00-21:00,76671,fragile,345.06,1
DEL_000562,CUST_0051,Robert Smith,2025-08-11,12:00-15:00,50158,fragile,422.69,1
DEL_000925,CUST_0020,Ashley Johnson,2025-08-11,12:00-15:00,25527,standard,494.59,1
DEL_000233,CUST_0028,Jennifer Miller,2025-08-11,12:00-15:00,57438,express,277.4,0
DEL_000641,CUST_0074,John Rodriguez,2025-08-11,12:00-15:00,17792,express,237.27,1
DEL_000087,CUST_0038,John Rodriguez,2025-08-11,09:00-12:00,13185,fragile,361.42,0
DEL_000225,CUST_0068,William Smith,2025-08-12,12:00-15:00,57632,bulky,215.87,1
DEL_000560,CUST_0002,Ashley Lopez,2025-08-12,18:00-21:00,72328,standard,287.05,1
DEL_000921,CUST_0057,Daniel Jones,2025-08-12,12:00-15:00,92297,standard,183.07,1
DEL_000045,CUST_0008,Daniel Smith,2025-08-12,12:00-15:00,95584,express,159.07,1
DEL_000312,CUST_0029,Matthew Hernandez,2025-08-12,12:00-15:00,70335,standard,482.1,1
DEL_000093,CUST_0095,James Jones,2025-08-12,12:00-15:00,52482,express,212.32,0
DEL_000998,CUST_0095,James Jones,2025-08-12,09:00-12:00,52482,fragile,431.13,1
DEL_000550,CUST_0096,Laura Hernandez,2025-08-13,21:00-23:00,69162,fragile,235.53,1
DEL_000555,CUST_0034,Jennifer Martinez,2025-08-13,18:00-21:00,68914,fragile,446.22,1
DEL_000654,CUST_0064,James Martinez,2025-08-13,09:00-12:00,45171,express,54.96,1
DEL_000742,CUST_0098,David Garcia,2025-08-13,12:00-15:00,71943,fragile,272.71,1
DEL_000653,CUST_0083,Laura Brown,2025-08-14,15:00-18:00,29031,express,246.46,0
DEL_000386,CUST_0043,Laura Smith,2025-08-14,12:00-15:00,34168,fragile,185.06,1
DEL_000765,CUST_0086,David Garcia,2025-08-14,09:00-12:00,15531,standard,196.79,1
DEL_000232,CUST_0035,Ashley Lopez,2025-08-14,12:00-15:00,37045,standard,285.72,1
DEL_000009,CUST_0011,Laura Johnson,2025-08-14,15:00-18:00,47170,express,189.12,1
DEL_000083,CUST_0035,Ashley Lopez,2025-08-15,15:00-18:00,37045,express,60.98,1
DEL_000938,CUST_0073,Laura Garcia,2025-08-15,15:00-18:00,21677,fragile,225.41,1
DEL_000787,CUST_0088,Jessica Brown,2025-08-15,21:00-23:00,13561,bulky,179.95,0
DEL_000105,CUST_0011,Laura Johnson,2025-08-15,15:00-18:00,47170,express,442.68,0
DEL_000424,CUST_0061,William Hernandez,2025-08-15,15:00-18:00,65935,express,116.85,1
DEL_000857,CUST_0078,Sarah Smith,2025-08-16,18:00-21:00,46010,standard,107.71,1
DEL_000317,CUST_0002,Ashley Lopez,2025-08-16,18:00-21:00,72328,express,409.52,1
DEL_000182,CUST_0087,Emily Garcia,2025-08-16,15:00-18:00,67243,standard,424.65,1
DEL_000501,CUST_0064,James Martinez,2025-08-16,21:00-23:00,45171,bulky,475.66,1
DEL_000645,CUST_0053,John Brown,2025-08-16,12:00-15:00,97259,express,81.45,1
DEL_000840,CUST_0057,Daniel Jones,2025-08-16,12:00-15:00,92297,express,413.65,1
DEL_000486,CUST_0008,Daniel Smith,2025-08-16,15:00-18:00,95584,standard,175.08,1
DEL_000577,CUST_0018,Michelle Smith,2025-08-16,15:00-18:00,11343,bulky,253.3,1
DEL_000002,CUST_0090,William Rodriguez,2025-08-16,15:00-18:00,26865,express,420.46,1
DEL_000939,CUST_0069,Matthew Lopez,2025-08-16,12:00-15:00,76757,bulky,172.76,1
DEL_000146,CUST_0059,Emily Rodriguez,2025-08-17,09:00-12:00,92631,fragile,49.45,0
DEL_000997,CUST_0059,Emily Rodriguez,2025-08-17,18:00-21:00,92631,fragile,418.83,1
DEL_000879,CUST_0051,Robert Smith,2025-08-17,15:00-18:00,50158,bulky,399.05,0
DEL_000177,CUST_0055,William Jones,2025-08-17,15:00-18:00,72497,bulky,32.15,1
DEL_000428,CUST_0026,David Jones,2025-08-17,15:00-18:00,37392,express,295.36,1
DEL_000155,CUST_0009,Jessica Rodriguez,2025-08-17,15:00-18:00,71589,express,251.74,1
DEL_000100,CUST_0092,Lisa Lopez,2025-08-17,15:00-18:00,95638,fragile,389.63,1
DEL_000806,CUST_0068,William Smith,2025-08-18,12:00-15:00,57632,standard,200.7,1
DEL_000990,CUST_0028,Jennifer Miller,2025-08-18,09:00-12:00,57438,standard,21.63,1
DEL_000121,CUST_0060,Jennifer Jones,2025-08-18,21:00-23:00,36061,standard,497.59,1
DEL_000545,CUST_0073,Laura Garcia,2025-08-18,12:00-15:00,21677,standard,266.5,1
DEL_000242,CUST_0081,David Miller,2025-08-19,09:00-12:00,32668,bulky,490.28,1
DEL_000850,CUST_0029,Matthew Hernandez,2025-08-19,12:00-15:00,70335,express,357.93,0
DEL_000520,CUST_0053,John Brown,2025-08-19,18:00-21:00,97259,bulky,452.64,1
DEL_000746,CUST_0039,John Martinez,2025-08-19,09:00-12:00,43601,bulky,152.54,0
DEL_000816,CUST_0093,Jennifer Rodriguez,2025-08-19,18:00-21:00,96391,bulky,288.49,0
DEL_000948,CUST_0015,Christopher Jones,2025-08-19,12:00-15:00,93366,standard,215.71,1
DEL_000695,CUST_0021,Matthew Lopez,2025-08-19,09:00-12:00,24917,bulky,213.02,0
DEL_000999,CUST_0062,Jennifer Garcia,2025-08-20,09:00-12:00,49685,standard,75.2,1
DEL_000326,CUST_0045,Emily Rodriguez,2025-08-20,21:00-23:00,64303,fragile,206.28,1
DEL_000909,CUST_0023,Michael Smith,2025-08-20,09:00-12:00,89486,bulky,352.7,1
DEL_000864,CUST_0044,Emily Brown,2025-08-20,15:00-18:00,11628,bulky,258.21,0
DEL_000723,CUST_0081,David Miller,2025-08-20,09:00-12:00,32668,express,338.98,1
DEL_000498,CUST_0100,Ashley Miller,2025-08-20,18:00-21:00,80935,fragile,268.16,1
DEL_000569,CUST_0098,David Garcia,2025-08-21,12:00-15:00,71943,bulky,400.77,1
DEL_000309,CUST_0005,Matthew Lopez,2025-08-21,21:00-23:00,73528,standard,399.6,1
DEL_000868,CUST_0039,John Martinez,2025-08-21,09:00-12:00,43601,bulky,357.01,1
DEL_000961,CUST_0030,David Rodriguez,2025-08-21,09:00-12:00,84178,bulky,268.9,1
DEL_000721,CUST_0092,Lisa Lopez,2025-08-21,18:00-21:00,95638,fragile,81.25,1
DEL_000413,CUST_0031,Ashley Martinez,2025-08-21,18:00-21:00,57918,bulky,136.76,1
DEL_000412,CUST_0055,William Jones,2025-08-22,18:00-21:00,72497,bulky,485.61,1
DEL_000249,CUST_0088,Jessica Brown,2025-08-23,18:00-21:00,13561,fragile,313.65,1
DEL_000068,CUST_0045,Emily Rodriguez,2025-08-23,18:00-21:00,64303,bulky,374.83,1
DEL_000044,CUST_0019,Daniel Rodriguez,2025-08-23,15:00-18:00,96385,express,301.07,1
DEL_000523,CUST_0026,David Jones,2025-08-23,18:00-21:00,37392,bulky,286.74,1
DEL_000012,CUST_0081,David Miller,2025-08-23,18:00-21:00,32668,fragile,178.18,1
DEL_000609,CUST_0008,Daniel Smith,2025-08-23,15:00-18:00,95584,fragile,272.12,1
DEL_000964,CUST_0024,Robert Jones,2025-08-23,12:00-15:00,26481,standard,283.81,1
DEL_000379,CUST_0093,Jennifer Rodriguez,2025-08-23,18:00-21:00,96391,standard,330.55,1
DEL_000946,CUST_0050,James Martinez,2025-08-23,18:00-21:00,12076,express,290.44,1
DEL_000228,CUST_0079,Lisa Martinez,2025-08-23,18:00-21:00,14163,fragile,415.68,0
DEL_000324,CUST_0055,William Jones,2025-08-24,12:00-15:00,72497,express,266.38,1
DEL_000342,CUST_0057,Daniel Jones,2025-08-24,12:00-15:00,92297,express,268.54,1
DEL_000521,CUST_0081,David Miller,2025-08-24,12:00-15:00,32668,fragile,409.25,1
DEL_000285,CUST_0023,Michael Smith,2025-08-24,12:00-15:00,89486,express,430.89,0
DEL_000130,CUST_0098,David Garcia,2025-08-24,12:00-15:00,71943,standard,265.44,1
DEL_000096,CUST_0076,Ashley Hernandez,2025-08-24,18:00-21:00,56250,fragile,487.92,1
DEL_000989,CUST_0077,Lisa Johnson,2025-08-24,15:00-18:00,98701,bulky,46.41,0
DEL_000122,CUST_0057,Daniel Jones,2025-08-24,18:00-21:00,92297,fragile,403.46,1
DEL_000302,CUST_0089,Lisa Lopez,2025-08-25,12:00-15:00,52276,bulky,439.38,1
DEL_000327,CUST_0062,Jennifer Garcia,2025-08-25,09:00-12:00,49685,standard,332.31,1
DEL_000318,CUST_0058,Amanda Williams,2025-08-25,21:00-23:00,24124,bulky,349.0,1
DEL_000426,CUST_0032,Daniel Hernandez,2025-08-25,18:00-21:00,39315,fragile,450.0,1
DEL_000092,CUST_0005,Matthew Lopez,2025-08-25,09:00-12:00,73528,express,437.71,1
DEL_000273,CUST_0014,Jennifer Jones,2025-08-25,12:00-15:00,36775,express,282.4,1
DEL_000006,CUST_0016,John Hernandez,2025-08-25,15:00-18:00,80531,standard,105.41,1
DEL_000836,CUST_0022,Laura Miller,2025-08-26,21:00-23:00,21745,express,118.65,1
DEL_000588,CUST_0008,Daniel Smith,2025-08-26,12:00-15:00,95584,bulky,73.58,1
DEL_000785,CUST_0071,Robert Davis,2025-08-26,21:00-23:00,81957,fragile,105.52,0
DEL_000959,CUST_0024,Robert Jones,2025-08-27,18:00-21:00,26481,standard,495.02,1
DEL_000756,CUST_0063,Lisa Davis,2025-08-27,15:00-18:00,57086,express,447.05,1
DEL_000383,CUST_0085,Jennifer Martinez,2025-08-28,12:00-15:00,59346,express,79.69,1
DEL_000179,CUST_0034,Jennifer Martinez,2025-08-28,21:00-23:00,68914,bulky,192.92,1
DEL_000819,CUST_0059,Emily Rodriguez,2025-08-28,12:00-15:00,92631,standard,174.2,1
DEL_000133,CUST_0068,William Smith,2025-08-28,09:00-12:00,57632,bulky,83.61,1
DEL_000049,CUST_0072,Robert Miller,2025-08-28,18:00-21:00,30068,standard,184.47,1
DEL_000206,CUST_0033,John Garcia,2025-08-28,21:00-23:00,60084,fragile,394.5,1
DEL_000315,CUST_0072,Robert Miller,2025-08-29,09:00-12:00,30068,standard,287.56,0
DEL_000579,CUST_0064,James Martinez,2025-08-29,21:00-23:00,45171,express,374.88,1
DEL_000022,CUST_0074,John Rodriguez,2025-08-29,09:00-12:00,17792,bulky,292.24,1
DEL_000287,CUST_0048,Jennifer Miller,2025-08-29,12:00-15:00,24320,express,450.72,1
DEL_000656,CUST_0071,Robert Davis,2025-08-29,21:00-23:00,81957,bulky,191.75,1
DEL_000543,CUST_0092,Lisa Lopez,2025-08-30,15:00-18:00,95638,bulky,257.68,1
DEL_000322,CUST_0019,Daniel Rodriguez,2025-08-30,15:00-18:00,96385,standard,476.4,1
DEL_000607,CUST_0051,Robert Smith,2025-08-30,18:00-21:00,50158,express,455.67,1
DEL_000913,CUST_0095,James Jones,2025-08-30,15:00-18:00,52482,standard,182.25,1
DEL_000099,CUST_0059,Emily Rodriguez,2025-08-31,18:00-21:00,92631,standard,82.48,1
DEL_000813,CUST_0038,John Rodriguez,2025-08-31,21:00-23:00,13185,bulky,127.22,0
DEL_000856,CUST_0066,Sarah Davis,2025-08-31,09:00-12:00,99545,fragile,337.48,0
DEL_000828,CUST_0020,Ashley Johnson,2025-08-31,12:00-15:00,25527,fragile,311.96,1
DEL_000702,CUST_0099,Amanda Hernandez,2025-08-31,15:00-18:00,24051,bulky,69.84,1
DEL_000267,CUST_0038,John Rodriguez,2025-08-31,12:00-15:00,13185,bulky,432.93,1
DEL_000761,CUST_0094,John Johnson,2025-08-31,15:00-18:00,10742,standard,380.09,1
DEL_000637,CUST_0004,Daniel Johnson,2025-08-31,15:00-18:00,96807,standard,375.2,1
DEL_000522,CUST_0035,Ashley Lopez,2025-08-31,18:00-21:00,37045,standard,132.49,1
DEL_000951,CUST_0073,Laura Garcia,2025-08-31,15:00-18:00,21677,standard,406.59,1
DEL_000962,CUST_0010,Amanda Johnson,2025-09-01,09:00-12:00,97642,standard,156.07,1
DEL_000266,CUST_0002,Ashley Lopez,2025-09-01,18:00-21:00,72328,express,100.09,1
DEL_000703,CUST_0015,Christopher Jones,2025-09-01,12:00-15:00,93366,fragile,172.22,1
DEL_000915,CUST_0008,Daniel Smith,2025-09-02,09:00-12:00,95584,fragile,318.99,0
DEL_000023,CUST_0018,Michelle Smith,2025-09-02,15:00-18:00,11343,bulky,453.22,0
DEL_000590,CUST_0011,Laura Johnson,2025-09-02,12:00-15:00,47170,express,407.72,1
DEL_000978,CUST_0006,Matthew Rodriguez,2025-09-02,15:00-18:00,70897,express,291.01,1
DEL_000901,CUST_0050,James Martinez,2025-09-02,18:00-21:00,12076,fragile,43.55,1
DEL_000209,CUST_0093,Jennifer Rodriguez,2025-09-02,12:00-15:00,96391,express,271.25,1
DEL_000778,CUST_0087,Emily Garcia,2025-09-02,09:00-12:00,67243,standard,181.5,0
DEL_000663,CUST_0088,Jessica Brown,2025-09-02,12:00-15:00,13561,express,462.0,1
DEL_000321,CUST_0064,James Martinez,2025-09-03,12:00-15:00,45171,standard,287.87,1
DEL_000736,CUST_0068,William Smith,2025-09-03,09:00-12:00,57632,bulky,306.93,1
DEL_000675,CUST_0071,Robert Davis,2025-09-03,18:00-21:00,81957,fragile,105.86,1
DEL_000332,CUST_0002,Ashley Lopez,2025-09-03,18:00-21:00,72328,standard,53.31,1
DEL_000950,CUST_0074,John Rodriguez,2025-09-04,18:00-21:00,17792,fragile,286.95,1
DEL_000982,CUST_0051,Robert Smith,2025-09-04,15:00-18:00,50158,bulky,312.41,1
DEL_000767,CUST_0043,Laura Smith,2025-09-04,21:00-23:00,34168,standard,67.84,0
DEL_000528,CUST_0076,Ashley Hernandez,2025-09-04,09:00-12:00,56250,fragile,361.29,0
DEL_000077,CUST_0051,Robert Smith,2025-09-04,12:00-15:00,50158,fragile,94.4,1
DEL_000292,CUST_0094,John Johnson,2025-09-04,21:00-23:00,10742,fragile,26.47,0
DEL_000187,CUST_0091,James Davis,2025-09-04,15:00-18:00,35347,fragile,369.55,1
DEL_000760,CUST_0051,Robert Smith,2025-09-05,12:00-15:00,50158,express,68.04,1
DEL_000024,CUST_0034,Jennifer Martinez,2025-09-05,18:00-21:00,68914,bulky,431.65,1
DEL_000583,CUST_0057,Daniel Jones,2025-09-05,12:00-15:00,92297,express,30.46,1
DEL_000943,CUST_0091,James Davis,2025-09-05,12:00-15:00,35347,fragile,133.77,1
DEL_000075,CUST_0099,Amanda Hernandez,2025-09-06,15:00-18:00,24051,express,287.02,1
DEL_000646,CUST_0072,Robert Miller,2025-09-06,18:00-21:00,30068,standard,409.48,1
DEL_000676,CUST_0049,Ashley Brown,2025-09-06,18:00-21:00,19200,express,191.77,1
DEL_000115,CUST_0003,Christopher Rodriguez,2025-09-06,12:00-15:00,37183,standard,313.14,1
DEL_000567,CUST_0019,Daniel Rodriguez,2025-09-06,15:00-18:00,96385,bulky,137.07,1
DEL_000226,CUST_0001,Michelle Johnson,2025-09-06,12:00-15:00,17728,standard,455.23,1
DEL_000672,CUST_0043,Laura Smith,2025-09-07,12:00-15:00,34168,standard,189.08,1
DEL_000660,CUST_0090,William Rodriguez,2025-09-07,15:00-18:00,26865,express,157.62,0
DEL_000057,CUST_0010,Amanda Johnson,2025-09-07,12:00-15:00,97642,standard,32.64,0
DEL_000878,CUST_0042,David Martinez,2025-09-07,12:00-15:00,31315,fragile,62.24,1
DEL_000974,CUST_0018,Michelle Smith,2025-09-08,12:00-15:00,11343,bulky,444.73,0
DEL_000221,CUST_0040,David Rodriguez,2025-09-08,12:00-15:00,12174,express,331.79,1
DEL_000159,CUST_0020,Ashley Johnson,2025-09-08,15:00-18:00,25527,fragile,290.8,1
DEL_000564,CUST_0054,Robert Garcia,2025-09-08,15:00-18:00,32287,express,51.54,1
DEL_000771,CUST_0047,Jessica Hernandez,2025-09-08,09:00-12:00,97954,standard,356.16,1
DEL_000779,CUST_0054,Robert Garcia,2025-09-08,12:00-15:00,32287,express,290.12,1
DEL_000071,CUST_0068,William Smith,2025-09-08,09:00-12:00,57632,bulky,61.91,1
DEL_000086,CUST_0094,John Johnson,2025-09-08,12:00-15:00,10742,bulky,484.9,1
DEL_000519,CUST_0095,James Jones,2025-09-09,09:00-12:00,52482,bulky,327.95,1
DEL_000764,CUST_0058,Amanda Williams,2025-09-09,21:00-23:00,24124,fragile,391.06,1
DEL_000911,CUST_0052,John Martinez,2025-09-09,09:00-12:00,41917,fragile,110.86,1
DEL_000384,CUST_0058,Amanda Williams,2025-09-09,18:00-21:00,24124,express,63.81,1
DEL_000246,CUST_0064,James Martinez,2025-09-09,12:00-15:00,45171,standard,177.96,0
DEL_000211,CUST_0089,Lisa Lopez,2025-09-09,12:00-15:00,52276,bulky,354.8,1
DEL_000608,CUST_0018,Michelle Smith,2025-09-10,15:00-18:00,11343,standard,122.12,1
DEL_000652,CUST_0077,Lisa Johnson,2025-09-11,09:00-12:00,98701,fragile,328.53,1
DEL_000185,CUST_0095,James Jones,2025-09-11,12:00-15:00,52482,standard,375.92,1
DEL_000553,CUST_0098,David Garcia,2025-09-11,09:00-12:00,71943,express,36.29,1
DEL_000180,CUST_0003,Christopher Rodriguez,2025-09-11,21:00-23:00,37183,express,341.07,1
DEL_000745,CUST_0088,Jessica Brown,2025-09-12,12:00-15:00,13561,bulky,278.01,1
DEL_000254,CUST_0013,Michael Lopez,2025-09-12,18:00-21:00,48268,express,243.92,1
DEL_000926,CUST_0025,Matthew Miller,2025-09-12,12:00-15:00,83710,fragile,238.35,1
DEL_000753,CUST_0093,Jennifer Rodriguez,2025-09-12,12:00-15:00,96391,fragile,352.17,1
DEL_000404,CUST_0042,David Martinez,2025-09-12,09:00-12:00,31315,bulky,50.68,0
DEL_000690,CUST_0059,Emily Rodriguez,2025-09-12,21:00-23:00,92631,fragile,308.66,1
DEL_000175,CUST_0053,John Brown,2025-09-12,12:00-15:00,97259,fragile,338.54,1
DEL_000928,CUST_0064,James Martinez,2025-09-13,09:00-12:00,45171,standard,402.89,0
DEL_000917,CUST_0069,Matthew Lopez,2025-09-13,18:00-21:00,76757,fragile,107.95,1
DEL_000846,CUST_0059,Emily Rodriguez,2025-09-13,12:00-15:00,92631,fragile,334.4,1
DEL_000888,CUST_0032,Daniel Hernandez,2025-09-14,18:00-21:00,39315,express,189.4,1
DEL_000392,CUST_0050,James Martinez,2025-09-14,18:00-21:00,12076,bulky,124.5,1
DEL_000423,CUST_0041,Christopher Martinez,2025-09-14,12:00-15:00,90823,express,114.11,1
DEL_000750,CUST_0075,Christopher Rodriguez,2025-09-15,09:00-12:00,34249,standard,147.39,1
DEL_000931,CUST_0100,Ashley Miller,2025-09-15,18:00-21:00,80935,bulky,112.72,0
DEL_000051,CUST_0001,Michelle Johnson,2025-09-15,12:00-15:00,17728,bulky,98.57,1
DEL_000870,CUST_0033,John Garcia,2025-09-16,21:00-23:00,60084,fragile,398.01,1
DEL_000004,CUST_0049,Ashley Brown,2025-09-16,18:00-21:00,19200,bulky,201.6,1
DEL_000759,CUST_0046,Jennifer Martinez,2025-09-16,09:00-12:00,46921,fragile,83.31,1
DEL_000534,CUST_0069,Matthew Lopez,2025-09-16,09:00-12:00,76757,express,35.32,1
DEL_000805,CUST_0070,Laura Miller,2025-09-16,09:00-12:00,74150,bulky,254.52,0
DEL_000003,CUST_0074,John Rodriguez,2025-09-16,15:00-18:00,17792,fragile,295.47,1
DEL_000824,CUST_0080,James Miller,2025-09-17,18:00-21:00,39393,fragile,498.03,1
DEL_000887,CUST_0050,James Martinez,2025-09-17,15:00-18:00,12076,bulky,358.13,1
DEL_000335,CUST_0001,Michelle Johnson,2025-09-17,12:00-15:00,17728,fragile,379.98,1
DEL_000729,CUST_0048,Jennifer Miller,2025-09-17,15:00-18:00,24320,express,198.35,1
DEL_000758,CUST_0016,John Hernandez,2025-09-17,12:00-15:00,80531,bulky,41.88,1
DEL_000616,CUST_0066,Sarah Davis,2025-09-17,15:00-18:00,99545,express,204.26,1
DEL_000010,CUST_0032,Daniel Hernandez,2025-09-18,21:00-23:00,39315,express,184.28,1
DEL_000733,CUST_0028,Jennifer Miller,2025-09-18,12:00-15:00,57438,express,95.26,1
DEL_000807,CUST_0013,Michael Lopez,2025-09-18,12:00-15:00,48268,fragile,421.84,1
DEL_000158,CUST_0007,Sarah Lopez,2025-09-18,12:00-15:00,45724,express,254.4,0
DEL_000215,CUST_0097,Jessica Johnson,2025-09-18,12:00-15:00,11465,bulky,413.3,1
DEL_000848,CUST_0086,David Garcia,2025-09-18,09:00-12:00,15531,bulky,111.68,1
DEL_000986,CUST_0100,Ashley Miller,2025-09-18,18:00-21:00,80935,fragile,277.79,0
DEL_000795,CUST_0070,Laura Miller,2025-09-18,21:00-23:00,74150,express,313.04,1
DEL_000186,CUST_0027,Robert Rodriguez,2025-09-19,15:00-18:00,56204,fragile,220.09,1
DEL_000599,CUST_0065,William Rodriguez,2025-09-19,21:00-23:00,43969,bulky,62.77,1
DEL_000869,CUST_0021,Matthew Lopez,2025-09-19,12:00-15:00,24917,fragile,294.64,1
DEL_000316,CUST_0036,Daniel Lopez,2025-09-19,18:00-21:00,85244,fragile,175.26,1
DEL_000698,CUST_0035,Ashley Lopez,2025-09-20,12:00-15:00,37045,fragile,322.83,1
DEL_000755,CUST_0033,John Garcia,2025-09-20,09:00-12:00,60084,fragile,195.51,1
DEL_000323,CUST_0037,Jessica Williams,2025-09-20,18:00-21:00,97138,express,372.97,1
DEL_000769,CUST_0097,Jessica Johnson,2025-09-20,18:00-21:00,11465,bulky,215.69,1
DEL_000796,CUST_0058,Amanda Williams,2025-09-20,15:00-18:00,24124,standard,264.9,1
DEL_000168,CUST_0040,David Rodriguez,2025-09-20,18:00-21:00,12174,fragile,337.71,1
DEL_000301,CUST_0062,Jennifer Garcia,2025-09-21,15:00-18:00,49685,bulky,90.87,1
DEL_000294,CUST_0076,Ashley Hernandez,2025-09-21,09:00-12:00,56250,bulky,187.89,0
DEL_000025,CUST_0040,David Rodriguez,2025-09-21,09:00-12:00,12174,standard,24.93,1
DEL_000038,CUST_0063,Lisa Davis,2025-09-21,18:00-21:00,57086,fragile,197.41,1
DEL_000953,CUST_0056,John Miller,2025-09-21,12:00-15:00,63489,standard,42.06,1
DEL_000247,CUST_0032,Daniel Hernandez,2025-09-22,18:00-21:00,39315,express,280.33,1
DEL_000548,CUST_0042,David Martinez,2025-09-22,09:00-12:00,31315,bulky,379.39,1
DEL_000198,CUST_0018,Michelle Smith,2025-09-22,15:00-18:00,11343,standard,86.68,1
DEL_000726,CUST_0041,Christopher Martinez,2025-09-22,15:00-18:00,90823,express,328.55,0
DEL_000772,CUST_0030,David Rodriguez,2025-09-22,15:00-18:00,84178,standard,126.72,1
DEL_000205,CUST_0003,Christopher Rodriguez,2025-09-22,18:00-21:00,37183,standard,95.57,1
DEL_000502,CUST_0100,Ashley Miller,2025-09-22,18:00-21:00,80935,standard,105.09,1
DEL_000683,CUST_0070,Laura Miller,2025-09-23,18:00-21:00,74150,bulky,193.61,1
DEL_000965,CUST_0007,Sarah Lopez,2025-09-23,12:00-15:00,45724,fragile,373.95,1
DEL_000055,CUST_0011,Laura Johnson,2025-09-23,12:00-15:00,47170,fragile,265.51,1
DEL_000920,CUST_0004,Daniel Johnson,2025-09-23,15:00-18:00,96807,express,137.62,1
DEL_000101,CUST_0049,Ashley Brown,2025-09-23,18:00-21:00,19200,bulky,270.31,1
DEL_000881,CUST_0099,Amanda Hernandez,2025-09-23,12:00-15:00,24051,standard,472.41,1
DEL_000385,CUST_0082,Michelle Smith,2025-09-23,12:00-15:00,52135,express,142.44,1
DEL_000113,CUST_0002,Ashley Lopez,2025-09-24,21:00-23:00,72328,express,443.67,1
DEL_000420,CUST_0074,John Rodriguez,2025-09-24,18:00-21:00,17792,fragile,169.65,1
DEL_000525,CUST_0050,James Martinez,2025-09-24,15:00-18:00,12076,express,181.47,1
DEL_000681,CUST_0003,Christopher Rodriguez,2025-09-24,18:00-21:00,37183,bulky,170.2,0
DEL_000243,CUST_0027,Robert Rodriguez,2025-09-24,15:00-18:00,56204,fragile,278.95,1
DEL_000834,CUST_0047,Jessica Hernandez,2025-09-25,12:00-15:00,97954,standard,137.86,1
DEL_000492,CUST_0002,Ashley Lopez,2025-09-25,18:00-21:00,72328,fragile,476.27,1
DEL_000900,CUST_0022,Laura Miller,2025-09-25,21:00-23:00,21745,standard,267.48,1
DEL_000885,CUST_0006,Matthew Rodriguez,2025-09-25,21:00-23:00,70897,bulky,355.79,1
DEL_000855,CUST_0007,Sarah Lopez,2025-09-26,09:00-12:00,45724,express,286.74,1
DEL_000127,CUST_0076,Ashley Hernandez,2025-09-26,09:00-12:00,56250,standard,426.81,1
DEL_000720,CUST_0069,Matthew Lopez,2025-09-26,12:00-15:00,76757,express,195.47,1
DEL_000299,CUST_0016,John Hernandez,2025-09-26,15:00-18:00,80531,standard,236.8,1
DEL_000483,CUST_0031,Ashley Martinez,2025-09-27,15:00-18:00,57918,express,277.14,1
DEL_000876,CUST_0006,Matthew Rodriguez,2025-09-28,15:00-18:00,70897,bulky,411.89,1
DEL_000930,CUST_0081,David Miller,2025-09-28,12:00-15:00,32668,express,209.83,1
DEL_000015,CUST_0008,Daniel Smith,2025-09-28,21:00-23:00,95584,bulky,309.21,1
DEL_000005,CUST_0020,Ashley Johnson,2025-09-28,15:00-18:00,25527,bulky,282.19,1
DEL_000823,CUST_0096,Laura Hernandez,2025-09-28,21:00-23:00,69162,standard,223.64,0
DEL_000613,CUST_0073,Laura Garcia,2025-09-28,09:00-12:00,21677,express,470.04,1
DEL_000358,CUST_0091,James Davis,2025-09-29,15:00-18:00,35347,fragile,373.07,0
DEL_000419,CUST_0052,John Martinez,2025-09-29,09:00-12:00,41917,express,152.44,1
DEL_000573,CUST_0100,Ashley Miller,2025-09-29,21:00-23:00,80935,fragile,139.78,1
DEL_000125,CUST_0047,Jessica Hernandez,2025-09-29,15:00-18:00,97954,express,476.41,0
DEL_000481,CUST_0075,Christopher Rodriguez,2025-09-29,12:00-15:00,34249,standard,293.0,1
DEL_000245,CUST_0005,Matthew Lopez,2025-09-29,15:00-18:00,73528,express,313.81,1
DEL_000781,CUST_0077,Lisa Johnson,2025-09-29,12:00-15:00,98701,standard,356.72,1
DEL_000967,CUST_0087,Emily Garcia,2025-09-30,18:00-21:00,67243,fragile,394.09,1
DEL_000488,CUST_0099,Amanda Hernandez,2025-09-30,09:00-12:00,24051,express,394.49,1
DEL_000248,CUST_0003,Christopher Rodriguez,2025-09-30,21:00-23:00,37183,fragile,195.2,0
DEL_000780,CUST_0084,Daniel Hernandez,2025-09-30,09:00-12:00,18034,fragile,474.58,1
DEL_000506,CUST_0043,Laura Smith,2025-09-30,12:00-15:00,34168,standard,229.1,1
DEL_000682,CUST_0075,Christopher Rodriguez,2025-10-01,09:00-12:00,34249,express,474.83,1
DEL_000465,CUST_0024,Robert Jones,2025-10-01,18:00-21:00,26481,bulky,108.38,1
DEL_000286,CUST_0012,Robert Jones,2025-10-01,12:00-15:00,25246,express,63.4,1
DEL_000031,CUST_0009,Jessica Rodriguez,2025-10-01,12:00-15:00,71589,standard,63.97,1
DEL_000504,CUST_0087,Emily Garcia,2025-10-02,18:00-21:00,67243,express,388.66,1
DEL_000199,CUST_0030,David Rodriguez,2025-10-02,09:00-12:00,84178,express,475.08,1
DEL_000184,CUST_0041,Christopher Martinez,2025-10-02,12:00-15:00,90823,express,338.32,1
DEL_000694,CUST_0013,Michael Lopez,2025-10-02,12:00-15:00,48268,bulky,291.95,1
DEL_000867,CUST_0023,Michael Smith,2025-10-02,09:00-12:00,89486,express,407.93,1
DEL_000740,CUST_0075,Christopher Rodriguez,2025-10-02,15:00-18:00,34249,fragile,359.45,1
DEL_000598,CUST_0036,Daniel Lopez,2025-10-03,09:00-12:00,85244,bulky,267.33,0
DEL_000542,CUST_0084,Daniel Hernandez,2025-10-03,15:00-18:00,18034,express,95.32,0
DEL_000935,CUST_0015,Christopher Jones,2025-10-04,09:00-12:00,93366,express,486.39,0
DEL_000825,CUST_0042,David Martinez,2025-10-04,15:00-18:00,31315,standard,274.52,1
DEL_000578,CUST_0050,James Martinez,2025-10-05,12:00-15:00,12076,express,260.54,1
DEL_000677,CUST_0002,Ashley Lopez,2025-10-05,12:00-15:00,72328,express,80.7,1
DEL_000425,CUST_0041,Christopher Martinez,2025-10-05,18:00-21:00,90823,express,332.76,1
DEL_000880,CUST_0055,William Jones,2025-10-06,18:00-21:00,72497,bulky,452.84,1
DEL_000378,CUST_0089,Lisa Lopez,2025-10-06,21:00-23:00,52276,bulky,337.15,1
DEL_000665,CUST_0072,Robert Miller,2025-10-06,09:00-12:00,30068,bulky,479.94,1
DEL_000257,CUST_0075,Christopher Rodriguez,2025-10-06,18:00-21:00,34249,fragile,100.98,1
DEL_000554,CUST_0051,Robert Smith,2025-10-06,12:00-15:00,50158,express,494.97,1
DEL_000144,CUST_0084,Daniel Hernandez,2025-10-07,12:00-15:00,18034,standard,384.01,1
DEL_000644,CUST_0020,Ashley Johnson,2025-10-07,12:00-15:00,25527,standard,420.23,1
DEL_000827,CUST_0021,Matthew Lopez,2025-10-08,15:00-18:00,24917,bulky,394.19,1
DEL_000124,CUST_0060,Jennifer Jones,2025-10-08,18:00-21:00,36061,bulky,347.07,1
DEL_000396,CUST_0087,Emily Garcia,2025-10-08,21:00-23:00,67243,standard,135.31,1
DEL_000691,CUST_0031,Ashley Martinez,2025-10-08,21:00-23:00,57918,standard,127.81,1
DEL_000624,CUST_0076,Ashley Hernandez,2025-10-08,09:00-12:00,56250,bulky,432.86,0
DEL_000462,CUST_0059,Emily Rodriguez,2025-10-08,21:00-23:00,92631,standard,373.29,1
DEL_000626,CUST_0099,Amanda Hernandez,2025-10-08,12:00-15:00,24051,express,57.13,1
DEL_000356,CUST_0027,Robert Rodriguez,2025-10-09,12:00-15:00,56204,bulky,353.96,1
DEL_000912,CUST_0015,Christopher Jones,2025-10-09,12:00-15:00,93366,fragile,156.85,1
DEL_000431,CUST_0040,David Rodriguez,2025-10-09,15:00-18:00,12174,express,196.01,1
DEL_000871,CUST_0002,Ashley Lopez,2025-10-09,21:00-23:00,72328,fragile,335.32,0
DEL_000865,CUST_0035,Ashley Lopez,2025-10-09,15:00-18:00,37045,standard,431.54,1
DEL_000171,CUST_0097,Jessica Johnson,2025-10-09,18:00-21:00,11465,fragile,45.13,0
DEL_000193,CUST_0063,Lisa Davis,2025-10-09,12:00-15:00,57086,fragile,61.83,1
DEL_000131,CUST_0076,Ashley Hernandez,2025-10-09,12:00-15:00,56250,bulky,263.76,1
DEL_000259,CUST_0061,William Hernandez,2025-10-09,12:00-15:00,65935,standard,363.22,1
DEL_000499,CUST_0023,Michael Smith,2025-10-10,21:00-23:00,89486,express,168.46,1
DEL_000963,CUST_0093,Jennifer Rodriguez,2025-10-10,12:00-15:00,96391,fragile,112.06,1
DEL_000826,CUST_0072,Robert Miller,2025-10-10,09:00-12:00,30068,standard,51.44,1
DEL_000678,CUST_0077,Lisa Johnson,2025-10-10,12:00-15:00,98701,standard,226.27,1
DEL_000011,CUST_0055,William Jones,2025-10-10,21:00-23:00,72497,bulky,441.36,1
DEL_000489,CUST_0018,Michelle Smith,2025-10-10,15:00-18:00,11343,express,324.11,1
DEL_000621,CUST_0041,Christopher Martinez,2025-10-11,12:00-15:00,90823,standard,476.74,1
DEL_000128,CUST_0002,Ashley Lopez,2025-10-11,18:00-21:00,72328,express,367.19,1
DEL_000472,CUST_0004,Daniel Johnson,2025-10-11,18:00-21:00,96807,fragile,54.17,1
DEL_000538,CUST_0038,John Rodriguez,2025-10-11,12:00-15:00,13185,fragile,453.91,1
DEL_000278,CUST_0010,Amanda Johnson,2025-10-11,12:00-15:00,97642,bulky,272.23,1
DEL_000664,CUST_0088,Jessica Brown,2025-10-11,12:00-15:00,13561,express,355.87,1
DEL_000897,CUST_0080,James Miller,2025-10-11,15:00-18:00,39393,standard,156.87,0
DEL_000283,CUST_0022,Laura Miller,2025-10-11,18:00-21:00,21745,fragile,127.99,1
DEL_000584,CUST_0004,Daniel Johnson,2025-10-11,12:00-15:00,96807,express,449.0,1
DEL_000708,CUST_0055,William Jones,2025-10-12,12:00-15:00,72497,standard,436.61,1
DEL_000496,CUST_0086,David Garcia,2025-10-12,15:00-18:00,15531,bulky,32.18,1
DEL_000061,CUST_0047,Jessica Hernandez,2025-10-12,15:00-18:00,97954,express,454.35,1
DEL_000839,CUST_0038,John Rodriguez,2025-10-12,18:00-21:00,13185,fragile,427.79,1
DEL_000352,CUST_0070,Laura Miller,2025-10-13,21:00-23:00,74150,standard,271.48,1
DEL_000844,CUST_0076,Ashley Hernandez,2025-10-13,09:00-12:00,56250,bulky,467.14,1
DEL_000405,CUST_0005,Matthew Lopez,2025-10-13,09:00-12:00,73528,express,465.78,1
DEL_000277,CUST_0051,Robert Smith,2025-10-13,18:00-21:00,50158,fragile,412.91,1
DEL_000359,CUST_0027,Robert Rodriguez,2025-10-13,12:00-15:00,56204,express,67.59,0
DEL_000382,CUST_0024,Robert Jones,2025-10-13,21:00-23:00,26481,fragile,95.96,1
DEL_000595,CUST_0059,Emily Rodriguez,2025-10-14,21:00-23:00,92631,fragile,379.7,0
DEL_000791,CUST_0093,Jennifer Rodriguez,2025-10-14,12:00-15:00,96391,bulky,423.0,1
DEL_000272,CUST_0003,Christopher Rodriguez,2025-10-14,21:00-23:00,37183,fragile,47.55,1
DEL_000400,CUST_0001,Michelle Johnson,2025-10-15,21:00-23:00,17728,fragile,465.24,1
DEL_000853,CUST_0096,Laura Hernandez,2025-10-15,18:00-21:00,69162,fragile,355.85,1
DEL_000754,CUST_0029,Matthew Hernandez,2025-10-15,09:00-12:00,70335,express,352.39,1
DEL_000219,CUST_0067,Amanda Davis,2025-10-15,12:00-15:00,76671,express,324.87,1
DEL_000615,CUST_0024,Robert Jones,2025-10-15,21:00-23:00,26481,standard,488.86,1
DEL_000892,CUST_0080,James Miller,2025-10-15,18:00-21:00,39393,express,331.81,1
DEL_000541,CUST_0077,Lisa Johnson,2025-10-16,09:00-12:00,98701,fragile,79.43,1
DEL_000362,CUST_0006,Matthew Rodriguez,2025-10-16,15:00-18:00,70897,fragile,128.68,1
DEL_000704,CUST_0033,John Garcia,2025-10-16,18:00-21:00,60084,express,355.47,1
DEL_000471,CUST_0002,Ashley Lopez,2025-10-16,18:00-21:00,72328,express,35.11,0
DEL_000117,CUST_0033,John Garcia,2025-10-16,21:00-23:00,60084,express,87.43,1
DEL_000914,CUST_0018,Michelle Smith,2025-10-16,12:00-15:00,11343,express,330.94,1
DEL_000258,CUST_0071,Robert Davis,2025-10-17,18:00-21:00,81957,standard,358.65,1
DEL_000229,CUST_0096,Laura Hernandez,2025-10-17,18:00-21:00,69162,standard,419.55,1
DEL_000777,CUST_0089,Lisa Lopez,2025-10-17,21:00-23:00,52276,express,318.16,1
DEL_000717,CUST_0017,Ashley Brown,2025-10-17,09:00-12:00,73877,express,284.06,1
DEL_000797,CUST_0018,Michelle Smith,2025-10-17,15:00-18:00,11343,bulky,203.25,1
DEL_000941,CUST_0003,Christopher Rodriguez,2025-10-17,15:00-18:00,37183,standard,463.77,1
DEL_000995,CUST_0047,Jessica Hernandez,2025-10-17,09:00-12:00,97954,bulky,450.12,1
DEL_000194,CUST_0063,Lisa Davis,2025-10-18,12:00-15:00,57086,fragile,300.74,1
DEL_000810,CUST_0030,David Rodriguez,2025-10-18,12:00-15:00,84178,standard,65.54,1
DEL_000882,CUST_0087,Emily Garcia,2025-10-18,15:00-18:00,67243,express,477.42,1
DEL_000293,CUST_0058,Amanda Williams,2025-10-18,09:00-12:00,24124,express,451.38,1
DEL_000559,CUST_0044,Emily Brown,2025-10-18,15:00-18:00,11628,express,375.15,1
DEL_000319,CUST_0064,James Martinez,2025-10-18,15:00-18:00,45171,bulky,282.54,1
DEL_000788,CUST_0001,Michelle Johnson,2025-10-20,12:00-15:00,17728,fragile,101.21,1
DEL_000705,CUST_0096,Laura Hernandez,2025-10-20,21:00-23:00,69162,express,109.07,1
DEL_000050,CUST_0025,Matthew Miller,2025-10-20,09:00-12:00,83710,bulky,312.43,1
DEL_000354,CUST_0051,Robert Smith,2025-10-20,15:00-18:00,50158,express,357.09,1
DEL_000632,CUST_0086,David Garcia,2025-10-21,21:00-23:00,15531,bulky,101.91,1
DEL_000582,CUST_0056,John Miller,2025-10-21,15:00-18:00,63489,bulky,40.84,1
DEL_000847,CUST_0063,Lisa Davis,2025-10-21,12:00-15:00,57086,bulky,161.51,1
DEL_000153,CUST_0016,John Hernandez,2025-10-21,12:00-15:00,80531,standard,28.82,1
DEL_000442,CUST_0072,Robert Miller,2025-10-21,18:00-21:00,30068,fragile,433.4,1
DEL_000062,CUST_0067,Amanda Davis,2025-10-21,12:00-15:00,76671,express,198.51,1
DEL_000444,CUST_0086,David Garcia,2025-10-22,09:00-12:00,15531,standard,389.99,0
DEL_000603,CUST_0097,Jessica Johnson,2025-10-22,12:00-15:00,11465,bulky,430.69,1
DEL_000837,CUST_0060,Jennifer Jones,2025-10-22,21:00-23:00,36061,fragile,362.04,1
DEL_000084,CUST_0042,David Martinez,2025-10-22,12:00-15:00,31315,fragile,103.17,1
DEL_000799,CUST_0092,Lisa Lopez,2025-10-22,21:00-23:00,95638,standard,189.88,1
DEL_000811,CUST_0034,Jennifer Martinez,2025-10-22,21:00-23:00,68914,standard,126.6,1
DEL_000593,CUST_0028,Jennifer Miller,2025-10-23,15:00-18:00,57438,fragile,277.48,0
DEL_000350,CUST_0051,Robert Smith,2025-10-23,12:00-15:00,50158,bulky,89.55,1
DEL_000466,CUST_0049,Ashley Brown,2025-10-23,18:00-21:00,19200,fragile,143.03,1
DEL_000874,CUST_0014,Jennifer Jones,2025-10-24,12:00-15:00,36775,bulky,446.82,1
DEL_000313,CUST_0053,John Brown,2025-10-24,21:00-23:00,97259,express,235.83,1
DEL_000739,CUST_0024,Robert Jones,2025-10-24,18:00-21:00,26481,express,488.47,1
DEL_000651,CUST_0029,Matthew Hernandez,2025-10-25,21:00-23:00,70335,express,241.79,1
DEL_000688,CUST_0019,Daniel Rodriguez,2025-10-25,15:00-18:00,96385,standard,271.9,0
DEL_000473,CUST_0077,Lisa Johnson,2025-10-25,15:00-18:00,98701,bulky,338.35,0
DEL_000833,CUST_0091,James Davis,2025-10-25,12:00-15:00,35347,bulky,495.07,1
DEL_000503,CUST_0096,Laura Hernandez,2025-10-25,18:00-21:00,69162,express,450.67,1
DEL_000515,CUST_0024,Robert Jones,2025-10-25,12:00-15:00,26481,express,141.42,1
DEL_000487,CUST_0064,James Martinez,2025-10-25,15:00-18:00,45171,bulky,260.18,1
DEL_000163,CUST_0005,Matthew Lopez,2025-10-26,12:00-15:00,73528,express,199.6,1
DEL_000544,CUST_0086,David Garcia,2025-10-26,15:00-18:00,15531,bulky,311.16,1
DEL_000401,CUST_0005,Matthew Lopez,2025-10-26,15:00-18:00,73528,express,115.99,1
DEL_000136,CUST_0046,Jennifer Martinez,2025-10-26,12:00-15:00,46921,bulky,380.19,1
DEL_000981,CUST_0083,Laura Brown,2025-10-26,15:00-18:00,29031,bulky,357.79,1
DEL_000479,CUST_0040,David Rodriguez,2025-10-26,18:00-21:00,12174,express,32.6,1
DEL_000648,CUST_0035,Ashley Lopez,2025-10-26,15:00-18:00,37045,bulky,391.78,1
DEL_000439,CUST_0012,Robert Jones,2025-10-27,09:00-12:00,25246,standard,303.81,1
DEL_000406,CUST_0098,David Garcia,2025-10-27,12:00-15:00,71943,bulky,454.38,0
DEL_000790,CUST_0022,Laura Miller,2025-10-27,18:00-21:00,21745,standard,304.58,1
DEL_000585,CUST_0085,Jennifer Martinez,2025-10-27,12:00-15:00,59346,fragile,65.99,1
